search URL:,https://patents.google.com/?q=GPU&oq=GPU
id,title,assignee,inventor/author,priority date,filing/creation date,publication date,grant date,result link,representative figure link
US-7800610-B2,PC-based computing system employing a multi-GPU graphics pipeline architecture supporting multiple modes of GPU parallelization dymamically controlled while running a graphics application ,"Lucid Information Technology, Ltd.","Reuven Bakalash, Offir Remez, Gigy Bar-or, Efi Fogel, Amir Shaham",2003-11-19,2007-10-23,2010-09-21,2010-09-21,https://patents.google.com/patent/US7800610B2/en,https://patentimages.storage.googleapis.com/a7/90/84/65f177353a9c02/US07800610-20100921-D00000.png
US-7663633-B1,Multiple GPU graphics system for implementing cooperative graphics instruction execution ,Nvidia Corporation,"Michael B. Diamond, Cesar Carrera",2004-06-25,2004-06-25,2010-02-16,2010-02-16,https://patents.google.com/patent/US7663633B1/en,https://patentimages.storage.googleapis.com/US7663633B1/US07663633-20100216-D00000.png
US-2005285863-A1,Discrete graphics system unit for housing a GPU ,Diamond Michael B,Michael Diamond,2004-06-25,2004-06-25,2005-12-29,,https://patents.google.com/patent/US20050285863A1/en,https://patentimages.storage.googleapis.com/49/57/49/b1f61717ef248b/US20050285863A1-20051229-D00000.png
US-2008084420-A1,"Computing system capable of parallelizing the operation of multiple graphics processing units (GPUS) supported on multiple external graphics cards connected to an integrated graphics device (IGD) supporting a single GPU and embodied within a bridge circuit, or controlling the operation of said single GPU within said IGD ","Reuven Bakalash, Yaniv Leviathan","Reuven Bakalash, Yaniv Leviathan",2003-11-19,2007-09-25,2008-04-10,,https://patents.google.com/patent/US20080084420A1/en,https://patentimages.storage.googleapis.com/4e/53/f4/389abeac25fdf9/US20080084420A1-20080410-D00000.png
US-8754894-B2,Internet-based graphics application profile management system for updating graphic application profiles stored within the multi-GPU graphics rendering subsystems of client machines running graphics-based applications ,"Lucidlogix Software Solutions, Ltd.","Reuven Bakalash, Yaniv Leviathan",2003-11-19,2010-11-08,2014-06-17,2014-06-17,https://patents.google.com/patent/US8754894B2/en,https://patentimages.storage.googleapis.com/fc/c5/75/a37dbe7608139e/US08754894-20140617-D00000.png
US-7325086-B2,Method and system for multiple GPU support ,"Via Technologies, Inc.","Roy (Dehai) Kong, Wen-Chung Chen, Ping Chen, Irene (Chih-Yiieh) Cheng, Tatsang Mak, Xi Liu, Li Zhang, Li Sun, Chenggang Liu",2005-12-15,2005-12-15,2008-01-29,2008-01-29,https://patents.google.com/patent/US7325086B2/en,https://patentimages.storage.googleapis.com/US7325086B2/US07325086-20080129-D00000.png
US-7889202-B2,Transparent multi-buffering in multi-GPU graphics subsystem ,"Via Technologies, Inc.","Guofeng Zhang, Xuan Zhao",2005-10-18,2006-10-17,2011-02-15,2011-02-15,https://patents.google.com/patent/US7889202B2/en,https://patentimages.storage.googleapis.com/b8/ec/d6/eb88d6281b2c24/US07889202-20110215-D00000.png
US-7340557-B2,Switching method and system for multiple GPU support ,"Via Technologies, Inc.","Dehai Kong, Wen-Chung Chen, Ping Chen, Irene Chih-Yiieh Cheng, Tatsang Mak, Xi Liu, Li Zhang, Li Sun, Chenggang Liu",2005-12-15,2005-12-15,2008-03-04,2008-03-04,https://patents.google.com/patent/US7340557B2/en,https://patentimages.storage.googleapis.com/US7340557B2/US07340557-20080304-D00000.png
EP-2549382-B1,Virtual GPU ,Apple Inc.,"Robert A. Drebin, James Wang",2011-07-18,2012-07-18,2019-03-20,2019-03-20,https://patents.google.com/patent/EP2549382B1/en,https://patentimages.storage.googleapis.com/ae/f4/d4/e2407e015b5cc4/imgf0001.png
US-8405666-B2,"Saving, transferring and recreating GPU context information across heterogeneous GPUs during hot migration of a virtual machine ","Advanced Micro Devices, Inc.",Tariq Masood,2009-10-08,2009-10-08,2013-03-26,2013-03-26,https://patents.google.com/patent/US8405666B2/en,https://patentimages.storage.googleapis.com/1c/7f/a7/21416ecae6b5c6/US08405666-20130326-D00000.png
US-2008094403-A1,"Computing system capable of parallelizing the operation graphics processing units (GPUs) supported on a CPU/GPU fusion-architecture chip and one or more external graphics cards, employing a software-implemented multi-mode parallel graphics rendering subsystem ","Reuven Bakalash, Yaniv Leviathan","Reuven Bakalash, Yaniv Leviathan",2003-11-19,2007-09-20,2008-04-24,,https://patents.google.com/patent/US20080094403A1/en,https://patentimages.storage.googleapis.com/fc/37/6f/ae7c9048f2fedf/US20080094403A1-20080424-D00000.png
US-8063900-B1,GPU assisted 3D compositing ,Adobe Systems Incorporated,Daniel O'Donnell,2005-04-29,2009-02-27,2011-11-22,2011-11-22,https://patents.google.com/patent/US8063900B1/en,https://patentimages.storage.googleapis.com/c2/6a/9b/bc34fcec2901f0/US08063900-20111122-D00000.png
US-7620530-B2,System with PPU/GPU architecture ,Nvidia Corporation,"Jean Pierre Bordes, Curtis Davis, Manju Hegde",2004-11-16,2004-11-16,2009-11-17,2009-11-17,https://patents.google.com/patent/US7620530B2/en,https://patentimages.storage.googleapis.com/US7620530B2/US07620530-20091117-D00000.png
US-8810590-B2,Method and apparatus for spatial binning on a GPU and global path planning to avoid spatially binned objects ,"Advanced Micro Devices, Inc.","Christopher Oat, Shopf Jeremy, Joshua D. Barczak",2008-07-11,2009-07-10,2014-08-19,2014-08-19,https://patents.google.com/patent/US8810590B2/en,https://patentimages.storage.googleapis.com/06/a5/ad/2852a55770b206/US08810590-20140819-D00000.png
CN-102426691-A,Real-time fire effect simulation method based on GPU ,克拉玛依红有软件有限责任公司,郭华,2011-10-24,2011-10-24,2012-04-25,,https://patents.google.com/patent/CN102426691A/en,
US-2011060924-A1,Power Management in Multi-GPU Systems ,"Ati Technologies, Ulc.",Oleksandr Khodorkovsky,2009-09-08,2009-09-08,2011-03-10,,https://patents.google.com/patent/US20110060924A1/en,https://patentimages.storage.googleapis.com/94/e5/e6/28e2051a13a811/US20110060924A1-20110310-D00000.png
US-7483029-B2,GPU having raster components configured for using nested boustrophedonic patterns to traverse screen areas ,Nvidia Corporation,"Franklin C. Crow, Jeffrey R. Sewall",2005-12-15,2005-12-15,2009-01-27,2009-01-27,https://patents.google.com/patent/US7483029B2/en,https://patentimages.storage.googleapis.com/US7483029B2/US07483029-20090127-D00000.png
TW-I547811-B,Selective graphics processing unit (GPU) throttling ,Apple Inc,"Umesh Suresh Vaishampayan, Derek R Kumar, Cecile Marie Foret, Anthony Graham Sumpter, Harshavardhan P Gopalakrishnan, William E Damon",2014-05-30,2015-05-26,2016-09-01,2016-09-01,https://patents.google.com/patent/TWI547811B/en,
US-9898795-B2,Host-based heterogeneous multi-GPU assignment ,"Vmware, Inc.",Si Chen,2014-06-19,2014-06-19,2018-02-20,2018-02-20,https://patents.google.com/patent/US9898795B2/en,https://patentimages.storage.googleapis.com/9e/13/7f/8296f45ce0a84d/US09898795-20180220-D00000.png
US-2014043342-A1,Extending dx11 gpu for programmable vector graphics ,Qualcomm Incorporated,"Vineet Goel, Usame Ceylan",2012-08-09,2013-03-15,2014-02-13,,https://patents.google.com/patent/US20140043342A1/en,https://patentimages.storage.googleapis.com/ae/8a/5b/16f0bef44d5b92/US20140043342A1-20140213-D00000.png
US-9275498-B2,GPU-accelerated path rendering ,Qualcomm Incorporated,"Usame Ceylan, Vineet Goel",2012-08-09,2013-03-15,2016-03-01,2016-03-01,https://patents.google.com/patent/US9275498B2/en,https://patentimages.storage.googleapis.com/50/da/e0/a1918fa649f4e6/US09275498-20160301-D00000.png
US-8044955-B1,Dynamic tessellation spreading for resolution-independent GPU anti-aliasing and rendering ,Adobe Systems Incorporated,Stephan R. Yhann,2007-08-31,2007-08-31,2011-10-25,2011-10-25,https://patents.google.com/patent/US8044955B1/en,https://patentimages.storage.googleapis.com/d4/d4/a8/8a86740a3ab9e6/US08044955-20111025-D00000.png
TW-I620128-B,Apparatus and system sharing resources between a cpu and gpu ,英特爾股份有限公司,"艾瑞克 史邦格, 馬修 克雷赫, 克里斯 古德曼, 貝利艾帕 科特安納",2009-12-31,2010-12-21,2018-04-01,2018-04-01,https://patents.google.com/patent/TWI620128B/en,
US-9292414-B2,"System, method, and computer program product for debugging graphics programs locally utilizing a system with a single GPU ",Nvidia Corporation,"Jeffrey T. Kiel, Thomas H. Klein",2012-11-26,2013-11-08,2016-03-22,2016-03-22,https://patents.google.com/patent/US9292414B2/en,https://patentimages.storage.googleapis.com/cd/80/6e/7ca15ceb042e36/US09292414-20160322-D00000.png
CN-102609971-A,Quick rendering system using embedded GPU (Graphics Processing Unit) for realizing 3D-GIS (Three Dimensional-Geographic Information System) ,南京大学,"严正飞, 刘烨, 季晓勇, 张李晔, 王健, 韦峰",2012-01-11,2012-01-11,2012-07-25,,https://patents.google.com/patent/CN102609971A/en,
US-9129394-B2,CPU-GPU parallelization ,"Microsoft Technology Licensing, Llc","Oreste Dorin Ungureanu, Harneet Sidhana, Mohamed Sadek, Sandeep Prabhakar, Steve Pronovost",2012-12-14,2012-12-14,2015-09-08,2015-09-08,https://patents.google.com/patent/US9129394B2/en,https://patentimages.storage.googleapis.com/e2/e7/b2/7d19909986e037/US09129394-20150908-D00000.png
CN-101526934-A,Construction method of GPU and CPU combined processor ,浪潮电子信息产业股份有限公司,王渭巍,2009-04-21,2009-04-21,2009-09-09,,https://patents.google.com/patent/CN101526934A/en,
US-7755631-B1,Transposition structures and methods to accommodate parallel processing in a graphics processing unit (“GPU”) ,Nvidia Corporation,"Dane T. Mrazek, Sameer M. Gauria, James C. Bowman",2006-10-24,2006-10-24,2010-07-13,2010-07-13,https://patents.google.com/patent/US7755631B1/en,https://patentimages.storage.googleapis.com/fa/b6/66/da88656e646d12/US07755631-20100713-D00000.png
CN-104520900-B,The path that GPU accelerates reproduces ,高通股份有限公司,"维尼特·戈尔, 尤萨梅·杰伊兰",2012-08-09,2013-07-09,2017-12-08,2017-12-08,https://patents.google.com/patent/CN104520900B/en,
GB-2462860-A,Apparatus for communicating between a cpu and a gpu ,Advanced Risc Mach Ltd,"Simon Andrew Ford, Sean Tristram Ellis, Edward Charles Plowman",2008-08-22,2008-08-22,2010-02-24,,https://patents.google.com/patent/GB2462860A/en,
KR-20160065121-A,Gpu divergence barrier ,퀄컴 인코포레이티드,"춘휘 메이, 알렉세이 블라디미로비치 부르드, 린 천",2013-10-01,2014-09-10,2016-06-08,,https://patents.google.com/patent/KR20160065121A/en,https://patentimages.storage.googleapis.com/74/cf/b8/e8076041fed3c7/pct00004.png
KR-20120058605-A,Ｇｐｕ 워크의 하드웨어 기반 스케쥴링 ,"어드밴스드 마이크로 디바이시즈, 인코포레이티드","프랜크 릴제로스, 렉스 맥크레이, 공시안 제프리 쳉",2009-09-03,2010-09-02,2012-06-07,,https://patents.google.com/patent/KR20120058605A/ko,https://patentimages.storage.googleapis.com/07/4f/3e/34358436c896f2/pct00001.png
US-7755632-B2,GPU internal wait/fence synchronization method and apparatus ,"Via Technologies, Inc.","John Brothers, Hsilin Huang, Boris Prokopenko",2005-10-26,2006-10-25,2010-07-13,2010-07-13,https://patents.google.com/patent/US7755632B2/en,https://patentimages.storage.googleapis.com/53/8c/e4/3054ab42ff5043/US07755632-20100713-D00000.png
US-7868887-B1,Rendering rational quadratic Bézier curves on a GPU ,Adobe Systems Incorporated,Stephan R. Yhann,2007-10-18,2007-10-18,2011-01-11,2011-01-11,https://patents.google.com/patent/US7868887B1/en,https://patentimages.storage.googleapis.com/3f/2d/ca/2d9dc49c141742/US07868887-20110111-D00000.png
US-7619630-B2,Preshaders: optimization of GPU pro ,Microsoft Corporation,"Craig C. Peeper, Daniel K. Baker, David F. Aronson, Loren McQuade",2005-01-28,2008-07-08,2009-11-17,2009-11-17,https://patents.google.com/patent/US7619630B2/en,https://patentimages.storage.googleapis.com/US7619630B2/US07619630-20091117-D00000.png
US-8711159-B2,VGPU: a real time GPU emulator ,Microsoft Corporation,"Jinyu Li, Chen Li, Gang Chen, Xin Tong",2009-02-23,2009-02-23,2014-04-29,2014-04-29,https://patents.google.com/patent/US8711159B2/en,https://patentimages.storage.googleapis.com/e9/de/c6/c4977fd94f8d0e/US08711159-20140429-D00000.png
US-7768517-B2,Asymmetric multi-GPU processing ,Nvidia Corporation,"Franck R. Diard, Hassane S. Azar",2006-02-21,2006-02-21,2010-08-03,2010-08-03,https://patents.google.com/patent/US7768517B2/en,https://patentimages.storage.googleapis.com/b6/6d/bc/b57fefa554e14e/US07768517-20100803-D00000.png
CN-101901042-B,Method for reducing power consumption based on dynamic task migrating technology in multi-GPU (Graphic Processing Unit) system ,上海交通大学,"周憬宇, 曹朋, 朱寅, 沈耀, 过敏意, 郑龙, 马曦",2010-08-27,2010-08-27,2011-07-27,2011-07-27,https://patents.google.com/patent/CN101901042B/en,
CN-102609978-B,Method for accelerating cone-beam CT (computerized tomography) image reconstruction by using GPU (graphics processing unit) based on CUDA (compute unified device architecture) architecture ,中国人民解放军信息工程大学,"陈庶民, 韩玉, 闫镔, 江桦, 陈健, 张峰, 周俊",2012-01-13,2012-01-13,2014-01-22,2014-01-22,https://patents.google.com/patent/CN102609978B/en,
US-2011063306-A1,CO-PROCESSING TECHNIQUES ON HETEROGENEOUS GPUs INCLUDING IDENTIFYING ONE GPU AS A NON-GRAPHICS DEVICE ,Nvidia Corporation,Franck Diard,2009-09-16,2009-12-29,2011-03-17,,https://patents.google.com/patent/US20110063306A1/en,https://patentimages.storage.googleapis.com/dc/c6/3b/d1474a3d81a402/US20110063306A1-20110317-D00000.png
US-2008117218-A1,PC-based computing system employing parallelized GPU-driven pipeline cores integrated with a routing unit and control unit on a silicon chip of monolithic construction ,"Reuven Bakalash, Offir Remez, Efi Fogel","Reuven Bakalash, Offir Remez, Efi Fogel",2004-01-28,2007-10-25,2008-05-22,,https://patents.google.com/patent/US20080117218A1/en,https://patentimages.storage.googleapis.com/US20080117218A1/US20080117218A1-20080522-D00000.png
CN-103049927-B,Real time ray tracing rendering intent based on GPU cluster ,浙江大学,"赵磊, 张勤飞, 任艳姣, 陆胜, 李伟",2013-01-17,2013-01-17,2016-06-29,2016-06-29,https://patents.google.com/patent/CN103049927B/en,
US-8484647-B2,Selectively adjusting CPU wait mode based on estimation of remaining work before task completion on GPU ,Apple Inc.,"Ian Hendry, Anthony G. Sumpter",2009-07-24,2009-07-24,2013-07-09,2013-07-09,https://patents.google.com/patent/US8484647B2/en,https://patentimages.storage.googleapis.com/5a/ce/8f/db51e1360e2f46/US08484647-20130709-D00000.png
US-7920996-B2,"Sliced data structure for particle-based simulation, and method for loading particle-based simulation using sliced data structure into GPU ","Prometech Software, Inc.",Takahiro Harada,2007-09-11,2008-02-15,2011-04-05,2011-04-05,https://patents.google.com/patent/US7920996B2/en,https://patentimages.storage.googleapis.com/f8/2f/51/44a8ddd2fb7014/US07920996-20110405-D00000.png
US-10043235-B2,Method for caching GPU data and data processing system therefor ,"Samsung Electronics Co., Ltd.","Cheolkyoo KIM, Kilwhan LEE, Yongha PARK",2014-02-04,2014-11-12,2018-08-07,2018-08-07,https://patents.google.com/patent/US10043235B2/en,https://patentimages.storage.googleapis.com/62/5e/b9/f9a4eb6c9752c7/US10043235-20180807-D00000.png
CN-101908035-A,"Video coding and decoding method, GPU (Graphics Processing Unit) as well as interacting method and system of same and CPU (Central Processing Unit) ",北京华傲精创科技开发有限公司,"吴会森, 鲁跃",2010-07-30,2010-07-30,2010-12-08,,https://patents.google.com/patent/CN101908035A/en,
US-2011242119-A1,GPU Work Creation and Stateless Graphics in OPENGL ,"Bolz Jeffrey A, Jesse David Hall, Duluk Jr Jerome F, Brown Patrick R, Gregory Scott Palmer","Jeffrey A. Bolz, Jesse David Hall, Jerome F. Duluk, Jr., Patrick R. Brown, Gregory Scott Palmer",2010-04-05,2011-04-01,2011-10-06,,https://patents.google.com/patent/US20110242119A1/en,https://patentimages.storage.googleapis.com/45/f7/a2/e1719e7f25bff8/US20110242119A1-20111006-D00000.png
US-7616206-B1,Efficient multi-chip GPU ,Nvidia Corporation,Radoslav Danilak,2006-06-16,2006-06-16,2009-11-10,2009-11-10,https://patents.google.com/patent/US7616206B1/en,https://patentimages.storage.googleapis.com/US7616206B1/US07616206-20091110-D00000.png
US-8368701-B2,Metaprocessor for GPU control and synchronization in a multiprocessor environment ,"Via Technologies, Inc.","Timour Paltashev, Boris Prokopenko, John Brothers",2008-11-06,2008-11-06,2013-02-05,2013-02-05,https://patents.google.com/patent/US8368701B2/en,https://patentimages.storage.googleapis.com/e8/21/bb/de844793d44337/US08368701-20130205-D00000.png
US-9098323-B2,Simultaneous utilization of a first graphics processing unit (GPU) and a second GPU of a computing platform through a virtual machine (VM) in a shared mode and a dedicated mode respectively ,Nvidia Corporation,"Surath Mitra, Kiran Pawar",2013-09-05,2013-09-05,2015-08-04,2015-08-04,https://patents.google.com/patent/US9098323B2/en,https://patentimages.storage.googleapis.com/35/e2/86/944772fe4f9363/US09098323-20150804-D00000.png
TW-I456489-B,Systems and methods for hot plug gpu power control ,Apple Inc,"David J Redman, Wai Yu Trevor Tsang",2010-04-29,2011-04-29,2014-10-11,2014-10-11,https://patents.google.com/patent/TWI456489B/en,
US-2017323418-A1,Virtualized gpu in a virtual machine environment ,"Microsoft Technology Licensing, Llc","Asael Dror, Hao Zhang, B. Anil Kumar, Stuart Ray Patrick, Neal D. Margulis, Lin Tan, Pandele Stanescu, Martin Amon, Miriam Barbara Sedman",2009-11-04,2017-06-05,2017-11-09,,https://patents.google.com/patent/US20170323418A1/en,https://patentimages.storage.googleapis.com/8a/80/fe/a861c4188cbae9/US20170323418A1-20171109-D00000.png
WO-2014205993-A1,Method and device for rendering canvas element on android system based on gpu ,广州市动景计算机科技有限公司,易旭昕,2013-06-28,2013-11-22,2014-12-31,,https://patents.google.com/patent/WO2014205993A1/en,
CN-103034524-A,Paravirtualized virtual GPU ,辉达公司,"威廉·J·厄尔, 凯文·J·克兰楚施, 萨蒂亚·基兰·保普瑞, 克里斯托弗·W·约翰逊",2011-10-10,2012-10-10,2013-04-10,,https://patents.google.com/patent/CN103034524A/en,
US-9275430-B2,Computing system employing a multi-GPU graphics processing and display subsystem supporting single-GPU non-parallel (multi-threading) and multi-GPU application-division parallel modes of graphics processing operation ,"Lucidlogix Technologies, Ltd.",Reuven Bakalash,2006-12-31,2011-01-06,2016-03-01,2016-03-01,https://patents.google.com/patent/US9275430B2/en,https://patentimages.storage.googleapis.com/81/4d/02/da7987a55fe56c/US09275430-20160301-D00000.png
CN-100354894-C,Particle system based on GPU ,北京航空航天大学,"郝爱民, 许楠, 万丽莉",2005-11-10,2005-11-10,2007-12-12,2007-12-12,https://patents.google.com/patent/CN100354894C/en,
US-7760209-B2,Video format conversion using 3D graphics pipeline of a GPU ,Nvidia Corporation,"Garry W. Amann, Stephen Lew, Sanford S. Lum",2003-11-10,2007-12-17,2010-07-20,2010-07-20,https://patents.google.com/patent/US7760209B2/en,https://patentimages.storage.googleapis.com/US7760209B2/US07760209-20100720-D00000.png
CN-103309748-B,Adaptive scheduling host system and scheduling method of GPU virtual resources in cloud game ,上海交通大学,"王润泽, 张超, 钟贤明, 戚正伟, 管海兵",2013-06-19,2013-06-19,2015-04-29,2015-04-29,https://patents.google.com/patent/CN103309748B/en,
US-10230565-B2,Allocation of GPU resources across multiple clients ,"Otoy, Inc.",Julian Michael Urbach,2010-06-10,2017-05-15,2019-03-12,2019-03-12,https://patents.google.com/patent/US10230565B2/en,https://patentimages.storage.googleapis.com/f5/1b/12/db0a9da1a6c6d3/US10230565-20190312-D00000.png
US-8780122-B2,Techniques for transferring graphics data from system memory to a discrete GPU ,Nvidia Corporation,Franck Diard,2009-09-16,2011-05-09,2014-07-15,2014-07-15,https://patents.google.com/patent/US8780122B2/en,https://patentimages.storage.googleapis.com/19/98/f9/49604de2b8866c/US08780122-20140715-D00000.png
US-7598952-B1,Three-dimensional image compositing on a GPU utilizing multiple transformations ,Adobe Systems Incorporatted,Daniel O'Donnell,2005-04-29,2007-07-31,2009-10-06,2009-10-06,https://patents.google.com/patent/US7598952B1/en,https://patentimages.storage.googleapis.com/US7598952B1/US07598952-20091006-D00000.png
CN-105630441-A,GPU (Graphics Processing Unit) system architecture based on uniform dyeing technology ,中国航空工业集团公司西安航空计算技术研究所,"张骏, 田泽, 任向隆, 韩立敏, 郑新建, 吴晓成",2015-12-11,2015-12-11,2016-06-01,,https://patents.google.com/patent/CN105630441A/en,
KR-101618389-B1,Ｇｐｕ 장면 컴포지션 및 애니메이션 ,"마이크로소프트 테크놀로지 라이센싱, 엘엘씨","아쉬라프 미카일, 제라드 슈나이더",2008-08-04,2009-07-31,2016-05-04,2016-05-04,https://patents.google.com/patent/KR101618389B1/ko,https://patentimages.storage.googleapis.com/51/7f/54/9ed9f2929dc404/112011007131110-pct00001.png
CN-102254340-A,Method and system for drawing ambient occlusion images based on GPU (graphic processing unit) acceleration ,北京麒麟网信息科技有限公司,"刘业平, 李雷",2011-07-29,2011-07-29,2011-11-23,,https://patents.google.com/patent/CN102254340A/en,
US-9001137-B2,Technique for GPU command scheduling ,Telefonaktiebolaget L M Ericsson (Publ),Per Persson,2010-04-28,2011-04-26,2015-04-07,2015-04-07,https://patents.google.com/patent/US9001137B2/en,https://patentimages.storage.googleapis.com/33/99/34/62ba1d1fa0feec/US09001137-20150407-D00000.png
CN-104662583-B,For avoiding the GPU storage buffer preextraction of page fault and pre- backup signaling ,高通股份有限公司,"科林·克里斯托弗·夏普, 戴维·里赫尔·加西亚·加西亚, 埃杜瓦杜斯·A·梅茨",2012-09-10,2013-08-07,2017-03-08,2017-03-08,https://patents.google.com/patent/CN104662583B/en,
US-8462166-B2,Graphics system which measures CPU and GPU performance ,Apple Inc.,"Andrew M. Sowerby, Deron D. Johnson, Benjamin N. Lipchak, Jeremy T. Sandmel, Filip Iliescu, Michael T. Mayers",2010-10-01,2010-10-01,2013-06-11,2013-06-11,https://patents.google.com/patent/US8462166B2/en,https://patentimages.storage.googleapis.com/c5/e4/77/a16530ef41962f/US08462166-20130611-D00000.png
US-2008043024-A1,Method for reconstructing an object subject to a cone beam using a graphic processor unit (gpu) ,"Siemens Corporate Research, Inc.","Thomas Schiwietz, Supratik Bose",2006-06-26,2007-05-08,2008-02-21,,https://patents.google.com/patent/US20080043024A1/en,https://patentimages.storage.googleapis.com/6d/28/53/29855dc9da2510/US20080043024A1-20080221-D00000.png
CN-101283913-A,GPU acceleration method of CT image reconstruction ,首都师范大学,"尧 张, 朋 张, 张慧滔, 涛 杨, 星 赵, 陈德峰",2008-05-30,2008-05-30,2008-10-15,,https://patents.google.com/patent/CN101283913A/en,
US-2010110089-A1,Multiple GPU Context Synchronization Using Barrier Type Primitives ,"Via Technologies, Inc.","Timour Paltashev, Boris Prokopenko, John Brothers",2008-11-06,2008-11-06,2010-05-06,,https://patents.google.com/patent/US20100110089A1/en,https://patentimages.storage.googleapis.com/US20100110089A1/US20100110089A1-20100506-D00000.png
US-2014052965-A1,Dynamic cpu gpu load balancing using power ,Uzi Sarel,Uzi Sarel,2012-02-08,2012-02-08,2014-02-20,,https://patents.google.com/patent/US20140052965A1/en,https://patentimages.storage.googleapis.com/66/c9/52/c274dc906d7054/US20140052965A1-20140220-D00000.png
US-7706633-B2,GPU-based image manipulation method for registration applications ,Siemens Corporation,"Christophe Chefd'hotel, Razvan Chisu, Bernhard Geiger, Jens Guehring, Ali Kamen, Sebastian Vogt, Wolfgang Wein",2004-04-21,2005-04-19,2010-04-27,2010-04-27,https://patents.google.com/patent/US7706633B2/en,
US-8497865-B2,Parallel graphics system employing multiple graphics processing pipelines with multiple graphics processing units (GPUS) and supporting an object division mode of parallel graphics processing using programmable pixel or vertex processing resources provided with the GPUS ,"Lucid Information Technology, Ltd.","Reuven Bakalash, Yaniv Leviathan",2006-12-31,2006-12-31,2013-07-30,2013-07-30,https://patents.google.com/patent/US8497865B2/en,https://patentimages.storage.googleapis.com/50/c2/40/5643a10fd35018/US08497865-20130730-D00000.png
US-9013491-B2,Low-power GPU states for reducing power consumption ,Apple Inc.,"Ian C. Hendry, Rajabali M. Koduri",2011-08-09,2014-02-26,2015-04-21,2015-04-21,https://patents.google.com/patent/US9013491B2/en,https://patentimages.storage.googleapis.com/5c/b9/75/7dd623d7080ce9/US09013491-20150421-D00000.png
CN-102273205-A,In gpu accelerated video transcoder software ,先进微装置公司,"M·L·施密特, R·梅亚坎罗特尔",2008-11-04,2009-11-04,2011-12-07,,https://patents.google.com/patent/CN102273205A/en,
HK-1214869-A1,Methods for hybrid gpu/cpu data processing gpu/cpu ,Univ Carnegie Mellon,"Ian Lane, Jike Chong, Jungsuk Kim",2012-09-07,2016-01-14,2016-08-05,,https://patents.google.com/patent/HK1214869A1/en,
US-2008030510-A1,Multi-GPU rendering system ,Xgi Technology Inc.,"Min-Chuan Wan, His-Jou Deng, Chuncheng Lin",2006-08-02,2006-08-02,2008-02-07,,https://patents.google.com/patent/US20080030510A1/en,https://patentimages.storage.googleapis.com/US20080030510A1/US20080030510A1-20080207-D00000.png
CN-103021017-B,Three-dimensional scene rebuilding method based on GPU acceleration ,上海交通大学,"杨杰, 闫世博, 毛润超",2012-12-04,2012-12-04,2015-05-20,2015-05-20,https://patents.google.com/patent/CN103021017B/en,
US-2018174268-A1,Direct communication between gpu and fpga components ,"Microsoft Technology Licensing, Llc","Ray Bittner, Erik S. Ruf",2012-08-23,2018-02-05,2018-06-21,,https://patents.google.com/patent/US20180174268A1/en,https://patentimages.storage.googleapis.com/4a/eb/7c/15b305321eb313/US20180174268A1-20180621-D00000.png
US-7545381-B2,Interruptible GPU and method for context saving and restoring ,"Via Technologies, Inc.","Hsilin Huang, Timour Paltashev, John Brothers",2005-11-10,2005-11-10,2009-06-09,2009-06-09,https://patents.google.com/patent/US7545381B2/en,https://patentimages.storage.googleapis.com/US7545381B2/US07545381-20090609-D00000.png
CN-102269820-A,When the image forming method of an interleaving grid before the reverse shift D seismic stack based on a small amount of storage gpu ,潜能恒信能源技术股份有限公司,"周锦明, 孙沛勇",2010-06-01,2010-06-01,2011-12-07,,https://patents.google.com/patent/CN102269820A/en,
US-7609884-B1,Mutual information based registration of 3D-image volumes on GPU using novel accelerated methods of histogram computation ,Pme Ip Australia Pty Ltd,"Detlev Stalling, Malte Westerhoff",2004-12-23,2005-12-20,2009-10-27,2009-10-27,https://patents.google.com/patent/US7609884B1/en,
US-2008037865-A1,System and method for non-rigid multi-modal registration on the gpu ,"Siemens Corporate Research, Inc.","Christoph Vetter, Christoph Guetter, Chenyang Xu",2006-08-09,2007-03-28,2008-02-14,,https://patents.google.com/patent/US20080037865A1/en,https://patentimages.storage.googleapis.com/c8/53/57/cad913b29614c7/US20080037865A1-20080214-D00004.png
CN-103714574-B,"A kind of marine scene modeling and real-time, interactive method for drafting accelerating based on GPU ",浙江大学,"王章野, 王丰金, 廖惟博",2013-12-19,2013-12-19,2016-05-04,2016-05-04,https://patents.google.com/patent/CN103714574B/en,
CN-102707272-B,Real-time processing system for radar signals of outer radiation source based on GPU (Graphics Processing Unit) and processing method ,西安电子科技大学,"王俊, 刘田, 夏斌, 武勇, 谢梦瑶, 贾永胜, 何春娟, 董亮玉",2012-06-13,2012-06-13,2014-03-19,2014-03-19,https://patents.google.com/patent/CN102707272B/en,
US-8125488-B1,Computer system having a combined GPU-video BIOS package ,Nvidia Corporation,Thomas E. Dewey,2002-07-16,2005-11-22,2012-02-28,2012-02-28,https://patents.google.com/patent/US8125488B1/en,https://patentimages.storage.googleapis.com/6d/1b/94/d930c60489c75c/US08125488-20120228-D00000.png
CN-102411658-B,Molecular dynamics accelerating method based on CUP (Central Processing Unit) and GPU (Graphics Processing Unit) cooperation ,中国人民解放军国防科学技术大学,"廖湘科, 杨灿群, 吴强, 陈娟, 李春江, 杜云飞, 彭林, 左克, 石志才",2011-11-25,2011-11-25,2013-05-15,2013-05-15,https://patents.google.com/patent/CN102411658B/en,
TW-200817899-A,Dedicated mechanism for page-mapping in a GPU ,Nvidia Corp,"Peter C Tong, Sonny S Yeoh, Kevin J Kranzusch, Gary D Lorensen, Kaymann L Woo, Ashish K Kaul, Colyn S Case, Stefan A Gottschalk, Dennis K Ma",2006-07-31,2007-07-18,2008-04-16,,https://patents.google.com/patent/TW200817899A/en,
US-7916144-B2,High speed image reconstruction for k-space trajectory data using graphic processing unit (GPU) ,"Siemens Medical Solutions Usa, Inc.","Thomas Schiwietz, Ti-chiun Chang",2005-07-13,2006-03-08,2011-03-29,2011-03-29,https://patents.google.com/patent/US7916144B2/en,https://patentimages.storage.googleapis.com/57/ad/1c/7e5cdcf88d1628/US07916144-20110329-D00000.png
US-2014285502-A1,Gpu and encoding apparatus for virtual machine environments ,Teradici Corporation,David V. Hobbs,2005-04-06,2014-06-06,2014-09-25,,https://patents.google.com/patent/US20140285502A1/en,https://patentimages.storage.googleapis.com/f0/cd/3b/9ce0e810d2f727/US20140285502A1-20140925-D00000.png
CN-102064977-A,Graphics processing unit (GPU) based method for detecting message content of high-speed network ,中国人民解放军国防科学技术大学,"刘波, 唐勇, 庞立会, 张博锋, 张怡, 王勇军, 王磊, 苏金树, 赵国鸿, 钟求喜, 陈曙晖",2010-11-10,2010-11-10,2011-05-18,,https://patents.google.com/patent/CN102064977A/en,
JP-2011081807-A,Eye-tracking using gpu ,"Tobii Technology Ab, トビー  テクノロジー  アーベー","Peter Blixt, Anders Hoeglund, Miroslav Kobetski, アンダース・ヘグラント, ペーター・ブリクスト, ミロスラフ・コベットスキー",2009-10-08,2010-10-08,2011-04-21,,https://patents.google.com/patent/JP2011081807A/en,https://patentimages.storage.googleapis.com/4e/ca/c8/06598dc214a0d8/2011081807-3.png
US-2011161675-A1,System and method for gpu based encrypted storage access ,Nvidia Corporation,Franck Diard,2009-12-30,2009-12-30,2011-06-30,,https://patents.google.com/patent/US20110161675A1/en,https://patentimages.storage.googleapis.com/84/3c/c5/573ac74d5586ee/US20110161675A1-20110630-D00000.png
CN-102207987-B,Method for accelerating three-dimensional finite-difference time-domain electromagnetic field simulation by using graphic processing unit (GPU) based on Open computer language (OpenCL) ,中国航天标准化研究所,"代健, 褚天舒",2011-05-31,2011-05-31,2012-11-21,2012-11-21,https://patents.google.com/patent/CN102207987B/en,
CN-101706741-A,Method for partitioning dynamic tasks of CPU and GPU based on load balance ,中国人民解放军国防科学技术大学,"廖湘科, 王�锋, 杨灿群, 陈娟, 杜云飞, 易会战, 黄春, 赵克佳",2009-12-11,2009-12-11,2010-05-12,,https://patents.google.com/patent/CN101706741A/en,
CN-102650950-A,Platform architecture supporting multi-GPU (Graphics Processing Unit) virtualization and work method of platform architecture ,南京航空航天大学,"吕相文, 袁家斌, 马业",2012-04-10,2012-04-10,2012-08-29,,https://patents.google.com/patent/CN102650950A/en,
CN-102565854-B,Mass data GPU (graphics processing unit) wave equation reverse time migration imaging method ,中国科学院地质与地球物理研究所,李博,2011-12-27,2011-12-27,2013-07-31,2013-07-31,https://patents.google.com/patent/CN102565854B/en,
US-2016117152-A1,Method and system of a command buffer between a cpu and gpu ,"Oxide Interactive, LLC",Daniel K. Baker,2014-02-06,2016-01-06,2016-04-28,,https://patents.google.com/patent/US20160117152A1/en,https://patentimages.storage.googleapis.com/c9/f8/d7/eb80db2527a2b9/US20160117152A1-20160428-D00000.png
EP-2820540-B1,Execution model for heterogeneous cpu-gpu computing ,Qualcomm Incorporated,"Alexei V. Bourd, William F. Torzewski",2012-02-27,2013-02-27,2019-04-10,2019-04-10,https://patents.google.com/patent/EP2820540B1/en,https://patentimages.storage.googleapis.com/c0/62/de/389c67690affd7/imgf0001.png
US-2010141664-A1,Efficient GPU Context Save And Restore For Hosted Graphics ,"Rawson Andrew R, Grossman Mark S","Andrew R. Rawson, Mark S. Grossman",2008-12-08,2008-12-08,2010-06-10,,https://patents.google.com/patent/US20100141664A1/en,https://patentimages.storage.googleapis.com/US20100141664A1/US20100141664A1-20100610-D00000.png
US-9417929-B2,Runtime profile determinations of virtual machines for graphics processing unit (GPU) allocation ,"Vmware, Inc.","Jose FONSECA, Salim Abiezzi",2012-12-20,2012-12-20,2016-08-16,2016-08-16,https://patents.google.com/patent/US9417929B2/en,https://patentimages.storage.googleapis.com/ff/f6/e0/67819e862bcb0f/US09417929-20160816-D00000.png
US-8938723-B1,Use of GPU for support and acceleration of virtual machines and virtual environments ,Parallels IP Holdings GmbH,"Alexander G. Tormasov, Maxim A. Kuzkin, Kirill S. Korotaev",2009-08-03,2010-08-03,2015-01-20,2015-01-20,https://patents.google.com/patent/US8938723B1/en,https://patentimages.storage.googleapis.com/d5/97/e2/31ae6c366721ef/US08938723-20150120-D00000.png
US-7580040-B2,Interruptible GPU and method for processing multiple contexts and runlists ,"Via Technologies, Inc.","Hsilin Huang, Timour Paltashev",2005-11-10,2005-11-10,2009-08-25,2009-08-25,https://patents.google.com/patent/US7580040B2/en,https://patentimages.storage.googleapis.com/US7580040B2/US07580040-20090825-D00000.png
CN-101718523-B,System and method for measuring volume of material pile based on GPU ,天津理工大学,"刘艳玲, 沈兆奎, 解宁, 郑越",2009-11-10,2009-11-10,2011-08-17,2011-08-17,https://patents.google.com/patent/CN101718523B/en,
JP-6412162-B2,CPU / GPU DCVS mutual optimization to reduce power consumption in graphics frame processing ,クアルコム，インコーポレイテッド,"ヒー・ジュン・パク, ヨン・フン・カン, ムリガンカ・モンダル",2014-04-30,2015-04-29,2018-10-24,2018-10-24,https://patents.google.com/patent/JP6412162B2/en,
CN-103176170-B,SAR (synthetic aperture radar) echo simulating method based on GPU (graphics processing unit) parallel computing ,中国科学院电子学研究所,"汪丙南, 韦立登, 向茂生, 梁兴东, 丁赤飚",2013-02-06,2013-02-06,2014-12-24,2014-12-24,https://patents.google.com/patent/CN103176170B/en,
US-9965823-B2,Migration of graphics processing unit (GPU) states ,"Microsoft Technology Licensing, Llc","Kiryong HA, Paramvir Bahl, David Chiyuan Chu, Eduardo CUERVO, Lenin Ravindranath Sivalingam, Alastair Wolman",2015-02-25,2015-02-25,2018-05-08,2018-05-08,https://patents.google.com/patent/US9965823B2/en,https://patentimages.storage.googleapis.com/1d/b6/08/9ec007bf59e198/US09965823-20180508-D00000.png
CN-104635258-A,Method of using CPU-GPU platform for seismic wave reverse-time migration imaging ,"中国石油天然气集团公司, 中国石油集团东方地球物理勘探有限责任公司","吴晓丰, 戴南浔, 武威, 刘磊",2013-11-06,2013-11-06,2015-05-20,,https://patents.google.com/patent/CN104635258A/en,
CN-102541640-B,One kind of gpu cluster resource scheduling system and method ,厦门市美亚柏科信息股份有限公司,"汤伟宾, 吴鸿伟, 罗佳",2011-12-28,2011-12-28,2014-10-29,2014-10-29,https://patents.google.com/patent/CN102541640B/en,
CN-101572828-B,Method for correcting distortion of camera and video camera in real time based on GPU ,长春理工大学,"丁莹, 姜会林, 杨华民, 范静涛, 赵义武, 陈纯毅, 韩成",2009-05-20,2009-05-20,2010-10-13,2010-10-13,https://patents.google.com/patent/CN101572828B/en,
US-9984431-B2,GPU workload prediction and management ,Apple Inc.,"Ian C. Hendry, Anthony G. Sumpter",2011-10-31,2015-10-21,2018-05-29,2018-05-29,https://patents.google.com/patent/US9984431B2/en,https://patentimages.storage.googleapis.com/98/41/5b/1e1e04985915c0/US09984431-20180529-D00000.png
US-8243082-B1,Method and system for accessing display configuration information in a multi-GPU system via an embedded controller ,Nvidia Corporation,"David Wyatt, Ludger Mimberg",2008-04-16,2008-04-16,2012-08-14,2012-08-14,https://patents.google.com/patent/US8243082B1/en,https://patentimages.storage.googleapis.com/e5/53/7b/e6cb7d281e43e7/US08243082-20120814-D00000.png
CN-101963918-B,Method for realizing virtual execution environment of central processing unit (CPU)/graphics processing unit (GPU) heterogeneous platform ,上海交通大学,"管海兵, 陈凯, 贾昭元, 董国星, 章一超",2010-10-26,2010-10-26,2013-05-01,2013-05-01,https://patents.google.com/patent/CN101963918B/en,
US-8731334-B2,Multilevel thresholding for mutual information based registration and image registration using a GPU ,Siemens Aktiengesellschaft,"Alban Lefebvre, Guillaume Bousquet, Christophe Chefd'hotel, Razik Yousfi",2008-08-04,2009-07-27,2014-05-20,2014-05-20,https://patents.google.com/patent/US8731334B2/en,https://patentimages.storage.googleapis.com/89/fc/84/da7c4c2b67e34a/US08731334-20140520-D00000.png
US-8345052-B1,Method and system for using a GPU frame buffer in a multi-GPU system as cache memory ,Nvidia Corporation,Franck R. Diard,2007-11-08,2007-11-08,2013-01-01,2013-01-01,https://patents.google.com/patent/US8345052B1/en,https://patentimages.storage.googleapis.com/5d/91/c2/0eb53c45c436ec/US08345052-20130101-D00000.png
CN-102073982-B,Method for realizing acceleration of anisotropic diffusion filtration of overlarge synthetic aperture radar (SAR) image by graphic processing unit (GPU) ,西安电子科技大学,"付磊, 公茂果, 周智强, 尚荣华, 左弟俊, 曹宇, 李阳阳, 焦李成, 王桂婷, 马文萍, 马晶晶",2011-01-10,2011-01-10,2012-07-25,2012-07-25,https://patents.google.com/patent/CN102073982B/en,
US-9395818-B2,Method for using the GPU to create haptic friction maps ,"Dell Products, L.P.","Richard Schuckle, Thomas P. Lanzoni",2012-09-11,2015-04-20,2016-07-19,2016-07-19,https://patents.google.com/patent/US9395818B2/en,https://patentimages.storage.googleapis.com/d6/6e/a0/622c35e25fb0e0/US09395818-20160719-D00000.png
US-8400458-B2,Method and system for blocking data on a GPU ,"Hewlett-Packard Development Company, L.P.","Ren Wu, Bin Zhang, Meichun Hsu",2009-09-09,2009-09-09,2013-03-19,2013-03-19,https://patents.google.com/patent/US8400458B2/en,https://patentimages.storage.googleapis.com/1b/0a/1f/2177eb837c8e35/US08400458-20130319-D00000.png
US-8610737-B2,Graphic processing unit (GPU) with configurable filtering module and operation method thereof ,National Taiwan University,"Shao-Yi Chien, Chih-Hao Sun, You-Ming Tsao, Ka-Hang LOK",2010-05-27,2010-05-27,2013-12-17,2013-12-17,https://patents.google.com/patent/US8610737B2/en,https://patentimages.storage.googleapis.com/9e/7e/07/7757e6ef6604a4/US08610737-20131217-D00000.png
US-8949807-B2,Saving and loading graphical processing unit (GPU) arrays providing high computational capabilities in a computing environment ,"The Mathworks, Inc.","Halldor N. Stefansson, Edric Ellis",2007-02-14,2013-09-30,2015-02-03,2015-02-03,https://patents.google.com/patent/US8949807B2/en,https://patentimages.storage.googleapis.com/5e/2f/dd/6860b07876b849/US08949807-20150203-D00000.png
US-8330763-B2,Apparatus and method for volume rendering on multiple graphics processing units (GPUs) ,Siemens Aktiengesellschaft,Wei Li,2007-11-28,2008-11-14,2012-12-11,2012-12-11,https://patents.google.com/patent/US8330763B2/en,https://patentimages.storage.googleapis.com/5f/da/2b/a97da4622855fd/US08330763-20121211-D00000.png
US-7623134-B1,System and method for hardware-based GPU paging to system memory ,Nvidia Corporation,Radoslav Danilak,2006-06-15,2006-06-15,2009-11-24,2009-11-24,https://patents.google.com/patent/US7623134B1/en,https://patentimages.storage.googleapis.com/US7623134B1/US07623134-20091124-D00000.png
US-2005243087-A1,GPU-based Finite Element ,Shmuel Aharon,Shmuel Aharon,2004-04-30,2005-04-27,2005-11-03,,https://patents.google.com/patent/US20050243087A1/en,https://patentimages.storage.googleapis.com/e2/35/82/d5f3b5040f227c/US20050243087A1-20051103-D00000.png
KR-20120031756-A,Method and apparatus for compiling and executing application using virtualization in heterogeneous system using cpu and gpu ,삼성전자주식회사,"김경훈, 김중백, 송정익, 여인춘, 이승욱, 이일호",2010-09-27,2010-09-27,2012-04-04,,https://patents.google.com/patent/KR20120031756A/en,https://patentimages.storage.googleapis.com/75/d5/9a/beeab7b3201d61/pat00001.png
WO-2012050718-A3,Techniques for load balancing gpu enabled virtual machines ,Microsoft Corporation,"Parag Chakraborty, Eric Kai-Hau Han, Winston Matthew Penfold Johnston, Varadharajan Ponnappan, Bradley Stephen Post, Pareekshit Singh",2010-09-30,2011-09-14,2012-05-31,,https://patents.google.com/patent/WO2012050718A3/en,
CN-101937425-B,Matrix parallel transposition method based on GPU multi-core platform ,北京理工大学,"刘峰, 刘海波, 姚迪, 靳星星, 龙腾",2009-07-02,2009-07-02,2012-05-30,2012-05-30,https://patents.google.com/patent/CN101937425B/en,
WO-2013090594-A2,Infrastructure support for gpu memory paging without operating system integration ,"Advanced Micro Devices, Inc.","Thomas Roy WOLLER, Leendert Peter VAN DOORN, Arshad Rahman, Paul Blinzer, Gongxian Jeffrey Cheng, Elene Terry",2011-12-14,2012-12-13,2013-06-20,,https://patents.google.com/patent/WO2013090594A2/en,
CN-101751376-B,Quickening method utilizing cooperative work of CPU and GPU to solve triangular linear equation set ,中国人民解放军国防科学技术大学,"刘杰, 廖湘科, 易会战, 杜云飞, 杨灿群, 王�锋, 陈娟, 黄春",2009-12-30,2009-12-30,2012-03-21,2012-03-21,https://patents.google.com/patent/CN101751376B/en,
US-8643656-B2,Energy-aware task consolidation on graphics processing unit (GPU) ,"Nec Laboratories America, Inc.","Dong Li, Surendra Byna, Srimat Chakradhar",2010-09-30,2011-09-08,2014-02-04,2014-02-04,https://patents.google.com/patent/US8643656B2/en,https://patentimages.storage.googleapis.com/14/b2/a7/ef2bf79074992e/US08643656-20140204-D00000.png
US-9250665-B2,GPU with dynamic performance adjustment ,Apple Inc.,"Gokhan Avkarogullari, Patrick Y. Law, Michael J. Wyrzykowski",2012-06-07,2012-08-27,2016-02-02,2016-02-02,https://patents.google.com/patent/US9250665B2/en,https://patentimages.storage.googleapis.com/1a/ff/08/b8c4e27bb4db43/US09250665-20160202-D00000.png
DE-112011101391-T5,GPU-enabled database systems ,International Business Machines Corporation,"Akshay Gautam, Ritesh Kumar Gupta",2010-04-22,2011-03-31,2013-02-28,,https://patents.google.com/patent/DE112011101391T5/en,https://patentimages.storage.googleapis.com/f1/77/41/ed4dd040856800/00220001.png
US-2013226535-A1,Concurrent simulation system using graphic processing units (gpu) and method thereof ,Jeh-Fu Tuan,Jeh-Fu Tuan,2012-02-24,2012-02-24,2013-08-29,,https://patents.google.com/patent/US20130226535A1/en,https://patentimages.storage.googleapis.com/39/94/c6/8a8965a871335f/US20130226535A1-20130829-D00000.png
CN-101937082-A,GPU (Graphic Processing Unit) many-core platform based parallel imaging method of synthetic aperture radar ,北京理工大学,"姚迪, 曾涛, 靳星星, 龙腾",2009-07-02,2009-07-02,2011-01-05,,https://patents.google.com/patent/CN101937082A/en,
WO-2012142186-A2,Database acceleration using gpu and multicore cpu systems and methods ,Child Timothy,Timothy CHILD,2011-04-11,2012-04-11,2012-10-18,,https://patents.google.com/patent/WO2012142186A2/en,
US-8533697-B2,Graphical processing unit (GPU) arrays providing high computational capabilities in a computing environment ,"The Mathworks, Inc.","Halldor N. Stefansson, Edric Ellis, Jocelyn Luke Martin",2007-02-14,2010-09-30,2013-09-10,2013-09-10,https://patents.google.com/patent/US8533697B2/en,https://patentimages.storage.googleapis.com/ea/78/a7/5a7ecb47f0aadf/US08533697-20130910-D00000.png
CN-103700123-B,GPU based on CUDA frameworks accelerates x-ray image method for reconstructing and device ,北京唯迈医疗设备有限公司,陈榕齐,2013-12-19,2013-12-19,2018-05-08,2018-05-08,https://patents.google.com/patent/CN103700123B/en,
CN-102592315-A,3D rendering platform based on GPU cloud cluster ,"上海库达数字信息技术有限公司, 赞奇科技发展有限公司",梅向东,2011-01-12,2011-01-12,2012-07-18,,https://patents.google.com/patent/CN102592315A/en,
US-8913067-B1,GPU accelerated compositing on a multithreaded browser ,Google Inc.,Evangelos Kokkevis,2011-03-01,2012-02-06,2014-12-16,2014-12-16,https://patents.google.com/patent/US8913067B1/en,https://patentimages.storage.googleapis.com/86/c5/a6/a80b0a254e94dc/US08913067-20141216-D00000.png
CN-103135132-B,Hybrid-domain full wave form inversion method of central processing unit (CPU)/graphics processing unit (GPU) synergetic parallel computing ,中国科学院地质与地球物理研究所,"刘璐, 刘洪�, 丁仁伟",2013-01-15,2013-01-15,2015-07-01,2015-07-01,https://patents.google.com/patent/CN103135132B/en,
KR-20140070724-A,멀티 ｇｐｕ를 기반으로 하는 ３차원 복원을 위한 장치 및 그 방법 ,한국전자통신연구원,"김영희, 김기홍, 김진호",2012-11-26,2012-11-26,2014-06-11,,https://patents.google.com/patent/KR20140070724A/ko,https://patentimages.storage.googleapis.com/84/7e/f2/ec921e5c61592c/pat00001.png
CN-101441271-B,SAR real time imaging processing device based on GPU ,航天恒星科技有限公司,"刘晓龙, 单博, 宋张波, 张振宁, 朱翔宇, 李丹妮, 苏扬, 董学志, 袁广辉, 陈磊, 高振华",2008-12-05,2008-12-05,2011-07-20,2011-07-20,https://patents.google.com/patent/CN101441271B/en,
US-8339404-B2,System for improving utilization of GPU resources ,"Accelereyes, Llc","Gallagher Pryor, James G. Malcolm, John Melonakos, Tauseef ur Rehman",2007-11-29,2008-11-26,2012-12-25,2012-12-25,https://patents.google.com/patent/US8339404B2/en,https://patentimages.storage.googleapis.com/4c/93/03/26432df21d3574/US08339404-20121225-D00000.png
CN-102541804-B,Multi-GPU (graphic processing unit) interconnection system structure in heterogeneous system ,"中国人民解放军信息工程大学, 上海红神信息技术有限公司","王磊, 周蓓, 李柏楠, 张凤娟, 郭绍忠",2011-12-26,2011-12-26,2014-04-02,2014-04-02,https://patents.google.com/patent/CN102541804B/en,
WO-2012079453-A1,"Video data processing system and method, cpu, gpu and video monitoring system ",成都市华为赛门铁克科技有限公司,李欢,2010-12-15,2011-11-25,2012-06-21,,https://patents.google.com/patent/WO2012079453A1/en,
US-8810586-B2,Display controller and method for switching display between two GPU driven data paths depending on external display capability ,Sony Corporation,Fukukyo Sudo,2010-09-30,2011-09-19,2014-08-19,2014-08-19,https://patents.google.com/patent/US8810586B2/en,https://patentimages.storage.googleapis.com/69/c7/e5/0c32b962850640/US08810586-20140819-D00000.png
CN-102708088-A,CPU/GPU (Central Processing Unit/ Graphic Processing Unit) cooperative processing method oriented to mass data high-performance computation ,北京理工大学,"刘培志, 宿红毅, 罗壮, 翟岩龙, 郭琨毅, 黄河燕",2012-05-08,2012-05-08,2012-10-03,,https://patents.google.com/patent/CN102708088A/en,
US-8019151-B2,Methods and apparatus for image compression and decompression using graphics processing unit (GPU) ,"Visualization Sciences Group, Inc.",David Beilloin,2007-06-11,2008-01-17,2011-09-13,2011-09-13,https://patents.google.com/patent/US8019151B2/en,https://patentimages.storage.googleapis.com/1d/91/79/cbbe4fc736c87f/US08019151-20110913-D00000.png
TW-I512674-B,Efficient implementation of rsa using gpu/cpu architecture ,Intel Corp,"Xiaozhu Kang, Biju George, Ken Lueh",2011-11-30,2012-11-20,2015-12-11,2015-12-11,https://patents.google.com/patent/TWI512674B/en,
US-2016364906-A1,Adaptive load balancing in software emulation of gpu hardware ,Sony Interactive Entertainment Inc.,"Takayukia Kazama, Victor Octav Suba Miura",2012-09-28,2016-08-01,2016-12-15,,https://patents.google.com/patent/US20160364906A1/en,https://patentimages.storage.googleapis.com/aa/e5/aa/f0fae4282b1023/US20160364906A1-20161215-D00000.png
CN-102662639-A,Mapreduce-based multi-GPU (Graphic Processing Unit) cooperative computing method ,南京航空航天大学,"吕相文, 曾青华, 袁家斌",2012-04-10,2012-04-10,2012-09-12,,https://patents.google.com/patent/CN102662639A/en,
US-8060761-B2,Electrical power sharing circuit has control unit for controlling performance of CPU and GPU based on a reference value ,Asustek Computer Inc.,"Yuan-Bi Lai, Shun-Jung Chang",2007-10-16,2008-09-29,2011-11-15,2011-11-15,https://patents.google.com/patent/US8060761B2/en,https://patentimages.storage.googleapis.com/cd/fd/5d/d9846fdfdcba23/US08060761-20111115-D00000.png
CN-101685530-B,A method for calculating particle multibody model acting on the gpu ,中国科学院过程工程研究所,"侯超峰, 李静海, 葛蔚, 陈飞国",2008-09-23,2008-09-23,2011-12-14,2011-12-14,https://patents.google.com/patent/CN101685530B/en,
DK-2673465-T3,RESERVOIR SIMULATION In seismic SCALE OF GIGANTIC underground reservoirs USING GPU ACCELERATED LINEAR EQUATION SYSTEMS ,Saudi Arabian Oil Co,"Jorge A Pita, Nabil M Al-Zamel, Ali H Dogru",2011-02-08,2012-02-01,2015-09-14,2015-09-14,https://patents.google.com/patent/DK2673465T3/en,
US-8572407-B1,GPU assist for storage systems ,Emc Corporation,"Arun Kumar Chengottarasappan, Santhosh V. Kudva",2011-03-30,2011-03-30,2013-10-29,2013-10-29,https://patents.google.com/patent/US8572407B1/en,https://patentimages.storage.googleapis.com/ac/f7/19/a38239d741413f/US08572407-20131029-D00000.png
US-10204058-B2,GPU shared virtual memory working set management ,Apple Inc.,Derek R. Kumar,2014-04-25,2016-10-28,2019-02-12,2019-02-12,https://patents.google.com/patent/US10204058B2/en,https://patentimages.storage.googleapis.com/77/aa/bf/5ebd5b36a8f8ec/US10204058-20190212-D00000.png
CN-103309958-B,The star-like Connection inquiring optimization method of OLAP under GPU and CPU mixed architecture ,中国人民大学,"张延松, 张宇",2013-05-28,2013-05-28,2016-06-29,2016-06-29,https://patents.google.com/patent/CN103309958B/en,
US-9984648-B2,Delivering GPU resources to a migrating virtual machine ,"Microsoft Technology Licensing, Llc","Parag Chakraborty, Bradley Stephen Post, Vladimir Pavlov, B. Anil Kumar",2011-09-07,2015-09-14,2018-05-29,2018-05-29,https://patents.google.com/patent/US9984648B2/en,https://patentimages.storage.googleapis.com/b2/07/58/c28e856f539d06/US09984648-20180529-D00000.png
CN-101593345-A,Three-dimensional medical image display method based on GPU acceleration ,电子科技大学,"帆 张, 梅 解",2009-07-01,2009-07-01,2009-12-02,,https://patents.google.com/patent/CN101593345A/en,
CN-101819411-B,GPU-based equipment fault early-warning and diagnosis method for improving weighted association rules ,燕山大学,"刘晶, 朱清香",2010-03-17,2010-03-17,2011-06-15,2011-06-15,https://patents.google.com/patent/CN101819411B/en,
US-2012204154-A1,Symbolic Execution and Test Generation for GPU Programs ,Fujitsu Limited,"Guodong Li, Sreeranga P. Rajan, Indradeep Ghosh",2011-02-04,2011-02-04,2012-08-09,,https://patents.google.com/patent/US20120204154A1/en,https://patentimages.storage.googleapis.com/9e/13/cd/66aff22ad6195d/US20120204154A1-20120809-D00000.png
CN-100576252-C,Real-time volume drawing method for block-based fragment filtration with multi-GPU acceleration ,香港中文大学,"徐严滨, 王平安, 谢永明, 黄田津",2004-04-20,2004-10-22,2009-12-30,2009-12-30,https://patents.google.com/patent/CN100576252C/en,
CN-202041640-U,Satellite navigation software receiver based on GPU ,西安理工大学,"刘江凡, 刘虎, 席晓莉, 陈鹏",2011-01-18,2011-01-18,2011-11-16,2011-11-16,https://patents.google.com/patent/CN202041640U/en,
CN-102929718-B,Distributed GPU (graphics processing unit) computer system based on task scheduling ,厦门坤诺物联科技有限公司,乐德广,2012-09-17,2012-09-17,2015-03-11,2015-03-11,https://patents.google.com/patent/CN102929718B/en,
US-8769510-B2,Identification and translation of program code executable by a graphical processing unit (GPU) ,"The Mathworks, Inc.","Jocelyn Luke Martin, Joseph F. HICKLIN",2010-04-08,2010-09-30,2014-07-01,2014-07-01,https://patents.google.com/patent/US8769510B2/en,https://patentimages.storage.googleapis.com/96/0d/77/5e7a030d2b1430/US08769510-20140701-D00000.png
CN-103345382-A,CPU+GPU group nuclear supercomputer system and SIFT feature matching parallel computing method ,郑州师范学院,"肖汉, 贾遂民, 肖波, 冯娜, 王永刚",2013-07-15,2013-07-15,2013-10-09,,https://patents.google.com/patent/CN103345382A/en,
KR-100996995-B1,Ｇｐｕ 사용 방법 및 장치 ,엔비디아 코포레이션,마티아스 엠. 울로카,2005-11-09,2006-11-07,2010-11-25,2010-11-25,https://patents.google.com/patent/KR100996995B1/ko,https://patentimages.storage.googleapis.com/6d/68/4f/9b80baad756803/112008032992805-pct00001.png
EP-1865430-A3,Monte Carlo simulation using GPU units on personal computers ,"Cambridge Research &amp; Instrumentation, Inc.",Kirk Gossage,2006-06-05,2007-06-05,2009-09-23,,https://patents.google.com/patent/EP1865430A3/en,
US-8412872-B1,Configurable GPU and method for graphics processing using a configurable GPU ,Nvidia Corporation,"Barry A. Wagner, Anthony Michael Tamasi",2005-12-12,2005-12-12,2013-04-02,2013-04-02,https://patents.google.com/patent/US8412872B1/en,https://patentimages.storage.googleapis.com/US8412872B1/US08412872-20130402-D00000.png
US-8587602-B2,GPU texture tile detail control ,Microsoft Corporation,"Mark S. Grossman, Charles N. Boyd, Allison W. Klein, Craig Peeper",2010-08-16,2010-08-16,2013-11-19,2013-11-19,https://patents.google.com/patent/US8587602B2/en,https://patentimages.storage.googleapis.com/0e/25/4b/91cac96a2c34fd/US08587602-20131119-D00000.png
CN-102708525-A,Vacant position intelligent recommendation method based on GPU (graphics processing unit) acceleration ,华南理工大学,"杨忠明, 林泳, 林镇泽, 秦勇, 蔡昭权, 黄翰",2012-05-22,2012-05-22,2012-10-03,,https://patents.google.com/patent/CN102708525A/en,
US-2012105462-A1,Parallelization of random number generation processing by employing gpu ,"Mizuho-Dl Financial Technology Co., Ltd.",Tomohisa YAMAKAMI,2010-10-28,2011-03-02,2012-05-03,,https://patents.google.com/patent/US20120105462A1/en,https://patentimages.storage.googleapis.com/8b/2f/b8/cc6e00c8ae3129/US20120105462A1-20120503-D00000.png
CN-102622589-A,Multispectral face detection method based on graphics processing unit (GPU) ,辉路科技（北京）有限公司,李�灿,2012-03-13,2012-03-13,2012-08-01,,https://patents.google.com/patent/CN102622589A/en,
CN-103475469-A,Method and device for achieving SM2 algorithm with combination of CPU and GPU ,"中国科学院数据与通信保护研究教育中心, 上海普华诚信信息技术有限公司","林璟锵, 荆继武, 蔡权伟, 顾青, 谢超, 江伟玉, 梁佐泉",2013-09-10,2013-09-10,2013-12-25,,https://patents.google.com/patent/CN103475469A/en,
US-9019286-B2,Remote GPU programming and execution method ,Massimo J. Becker,Massimo J. Becker,2012-09-04,2012-09-04,2015-04-28,2015-04-28,https://patents.google.com/patent/US9019286B2/en,https://patentimages.storage.googleapis.com/eb/e8/5f/7d168eabf5c61f/US09019286-20150428-D00000.png
CN-104820207-B,"Real-time correlator based on FPGA, GPU and CPU mixed architecture ",中国科学院新疆天文台,"裴鑫, 聂俊, 陈卯蒸, 李健",2015-05-08,2015-05-08,2017-06-27,2017-06-27,https://patents.google.com/patent/CN104820207B/en,
JP-2009119263-A,Ultrasonic image system with gpu ,"Medison Co Ltd, 株式会社  メディソンＭｅｄｉｓｏｎ  Ｃｏ．，Ｌｔｄ．","Hyon Jin Kim, Jae Keun Lee, Suk Jin Lee, ジェ  グン イ, ソク  ジン イ, ヒョン  ジン キム",2007-11-09,2008-11-06,2009-06-04,,https://patents.google.com/patent/JP2009119263A/en,https://patentimages.storage.googleapis.com/d6/06/ba/883461e72e3a28/2009119263-3.png
US-8395619-B1,System and method for transferring pre-computed Z-values between GPUs ,Nvidia Corporation,Franck R. Diard,2008-10-02,2008-10-02,2013-03-12,2013-03-12,https://patents.google.com/patent/US8395619B1/en,https://patentimages.storage.googleapis.com/51/6c/db/151dfef4b1073b/US08395619-20130312-D00000.png
CN-102402791-B,Three-dimensional fluid simulation method based on graphic processing unit (GPU) ,克拉玛依红有软件有限责任公司,郭华,2011-10-24,2011-10-24,2013-12-18,2013-12-18,https://patents.google.com/patent/CN102402791B/en,
JP-4926947-B2,GPU rendering to system memory ,エヌヴィディア  コーポレイション,"ジョナ，  エム． アルベン，, ディビット，  ジー． リード，, オレン ルビンスタイン，",2004-04-27,2005-04-26,2012-05-09,2012-05-09,https://patents.google.com/patent/JP4926947B2/en,https://patentimages.storage.googleapis.com/d2/d4/51/190d0dc2194768/0004926947-2.png
US-7672790-B2,System and method for stochastic DT-MRI connectivity mapping on the GPU ,"Siemens Medical Solutions Usa, Inc.","Tim McGraw, Mariappan S. Nadar",2006-11-02,2007-08-22,2010-03-02,2010-03-02,https://patents.google.com/patent/US7672790B2/en,https://patentimages.storage.googleapis.com/c8/8e/3e/d6098fb8a8cb87/US07672790-20100302-D00001.png
US-2011141133-A1,Real-Time Compression With GPU/CPU ,Microsoft Corporation,"Sridhar Sankuratri, B. Anil Kumar, Vladimir Stoyanov, Jeff B. Widergren, Hon Luu, Damien Gerard Saint Macary",2009-12-10,2009-12-10,2011-06-16,,https://patents.google.com/patent/US20110141133A1/en,https://patentimages.storage.googleapis.com/fb/e9/0b/beb26d575a4aae/US20110141133A1-20110616-D00000.png
CN-102099832-B,Gpu bezier path rasterization ,微软公司,A·米哈尔,2008-07-18,2009-07-16,2013-08-28,2013-08-28,https://patents.google.com/patent/CN102099832B/en,
KR-20120102703-A,Ｇｐｕ를 사용하여 스크린 이미지를 캡쳐링하고 스크린 이미지 변경을 식별하는 방법 및 컴퓨팅 디바이스 ,스마트 테크놀러지스 유엘씨,"심몬 바나지, 에릭 벤너, 빅토르 안토니우크",2009-12-07,2010-09-22,2012-09-18,,https://patents.google.com/patent/KR20120102703A/ko,https://patentimages.storage.googleapis.com/18/e4/5b/dfa40aca3347c0/pct00001.png
US-9728165-B1,Multi-user/multi-GPU render server apparatus and methods ,PME IP Pty Ltd,"Malte Westerhoff, Detlev Stalling",2007-11-23,2015-03-06,2017-08-08,2017-08-08,https://patents.google.com/patent/US9728165B1/en,https://patentimages.storage.googleapis.com/d3/15/69/a8141b2f3b82b9/US09728165-20170808-D00000.png
US-8624899-B2,Arc spline GPU rasterization for cubic Bezier drawing ,Microsoft Corporation,"Ashraf A. Michail, David B. Teitlebaum, Brandon C. Furtwangler",2010-09-27,2010-09-27,2014-01-07,2014-01-07,https://patents.google.com/patent/US8624899B2/en,https://patentimages.storage.googleapis.com/5a/ce/2c/57746ecca23ecc/US08624899-20140107-D00000.png
US-2019087164-A1,Technique for inter-procedural memory address space optimization in gpu computing compiler ,Nvidia Corporation,"Xiangyun Kong, Jian-Zhong Wang, Yuan Lin, Vinod Grover",2011-11-07,2018-11-19,2019-03-21,,https://patents.google.com/patent/US20190087164A1/en,https://patentimages.storage.googleapis.com/fe/1b/a2/63961fa58ff3b8/US20190087164A1-20190321-D00000.png
US-7483034-B2,System and method for GPU-based 3D nonrigid registration ,"Siemens Medical Solutions Usa, Inc.","Christophe Chefd'hotel, Kinda Anna Saddi",2004-02-25,2005-02-22,2009-01-27,2009-01-27,https://patents.google.com/patent/US7483034B2/en,
US-7889205-B1,Frame buffer based transparency group computation on a GPU without context switching ,Adobe Systems Incorporated,"Alexandre S. Parenteau, Cynthia W. Lau",2006-10-24,2006-10-24,2011-02-15,2011-02-15,https://patents.google.com/patent/US7889205B1/en,https://patentimages.storage.googleapis.com/8a/e5/dd/bfe8ddf93f254a/US07889205-20110215-D00000.png
US-9412146-B2,System and method for distributed virtualization of GPUs in desktop cloud ,"Futurewei Technologies, Inc.","Pu Chen, Guangsong Xia",2013-10-25,2013-10-25,2016-08-09,2016-08-09,https://patents.google.com/patent/US9412146B2/en,https://patentimages.storage.googleapis.com/7f/7e/f3/d09e34097982c4/US09412146-20160809-D00000.png
US-9955194-B2,Server GPU assistance for mobile GPU applications ,"Microsoft Technology Licensing, Llc","Alastair Wolman, Eduardo Alberto Cuervo Laffaye, Stefan Saroiu, Madanlal Musuvathi",2012-12-13,2016-01-19,2018-04-24,2018-04-24,https://patents.google.com/patent/US9955194B2/en,https://patentimages.storage.googleapis.com/bd/11/8f/f803942f4629bf/US09955194-20180424-D00000.png
WO-2014105268-A1,REORDERING OF COMMAND STREAMS FOR GRAPHICAL PROCESSING UNITS (GPUs) ,Qualcomm Incorporated,"Christopher Paul FRASCATI, Avinash Seetharamaiah",2012-12-28,2013-11-06,2014-07-03,,https://patents.google.com/patent/WO2014105268A1/en,
US-9626789-B2,Implicit texture map parameterization for GPU rendering ,"Advanced Micro Devices, Inc.","Karl E. Hillesland, Justin Hensley",2013-05-07,2013-05-07,2017-04-18,2017-04-18,https://patents.google.com/patent/US9626789B2/en,https://patentimages.storage.googleapis.com/9c/3e/52/fc2135fc328b4a/US09626789-20170418-D00000.png
US-8006106-B2,Method and system for flexibly supplying power to a high-end graphics card using an off-card voltage converter module ,Nvidia Corporation,Mike Sun,2007-12-27,2008-01-21,2011-08-23,2011-08-23,https://patents.google.com/patent/US8006106B2/en,https://patentimages.storage.googleapis.com/e2/3a/e6/2b6428eb6b6408/US08006106-20110823-D00000.png
US-9760376-B1,Compilation for node device GPU-based parallel processing ,Sas Institute Inc.,"Henry Gabriel Victor Bequet, Huina Chen",2016-02-01,2017-02-01,2017-09-12,2017-09-12,https://patents.google.com/patent/US9760376B1/en,https://patentimages.storage.googleapis.com/54/78/a6/d546f7fa07cd18/US09760376-20170912-D00000.png
US-8639730-B2,GPU assisted garbage collection ,"Advanced Micro Devices, Inc.","Azeem S. Jiva, Gary R. Frost",2008-09-22,2012-09-24,2014-01-28,2014-01-28,https://patents.google.com/patent/US8639730B2/en,https://patentimages.storage.googleapis.com/7a/7a/a4/35873c060086f0/US08639730-20140128-D00000.png
US-2008024490-A1,Real-time GPU rendering of piecewise algebraic surfaces ,Microsoft Corporation,"Charles T. Loop, James F. Blinn",2006-07-28,2006-07-28,2008-01-31,,https://patents.google.com/patent/US20080024490A1/en,
CN-101512656-A,GPU timeline with render-ahead queue ,微软公司,B·J·沃克,2005-06-30,2006-04-26,2009-08-19,,https://patents.google.com/patent/CN101512656A/en,
CN-103440660-B,Gpu based on the integrated imaging array of microimages Fast Generation ,四川大学,"王琼华, 李述利, 邓欢, 熊召龙",2013-09-03,2013-09-03,2016-03-30,2016-03-30,https://patents.google.com/patent/CN103440660B/en,
JP-2017502338-A,Dynamic resolution control of GPU and video using retinal perception model ,クアルコム，インコーポレイテッド,ヒー−ジュン・パク,2013-12-20,2014-12-17,2017-01-19,,https://patents.google.com/patent/JP2017502338A/en,https://patentimages.storage.googleapis.com/a0/45/59/2e067578679f44/2017502338-4.png
US-2010013839-A1,"Integrated GPU, NIC and Compression Hardware for Hosted Graphics ",Rawson Andrew R,Andrew R. Rawson,2008-07-21,2008-07-21,2010-01-21,,https://patents.google.com/patent/US20100013839A1/en,https://patentimages.storage.googleapis.com/US20100013839A1/US20100013839A1-20100121-D00000.png
US-2013262831-A1,Methods and apparatus to avoid surges in di/dt by throttling gpu execution performance ,"Peter Michael NELSON, Jack Hilaire Choquette, Olivier Giroux","Peter Michael NELSON, Jack Hilaire Choquette, Olivier Giroux",2012-04-02,2012-04-02,2013-10-03,,https://patents.google.com/patent/US20130262831A1/en,https://patentimages.storage.googleapis.com/a3/77/ee/f2ee90dfca1770/US20130262831A1-20131003-D00000.png
US-7710417-B2,Spatial binning of particles on a GPU ,Microsoft Corporation,Cliff Ramshaw,2007-01-15,2007-01-15,2010-05-04,2010-05-04,https://patents.google.com/patent/US7710417B2/en,
US-2013293546-A1,Dynamic load balancing apparatus and method for graphic processing unit (gpu) ,"Samsung Electronics Co., Ltd.","Won Jong Lee, Seok Yoon Jung",2012-05-03,2013-03-15,2013-11-07,,https://patents.google.com/patent/US20130293546A1/en,https://patentimages.storage.googleapis.com/53/be/41/d9d366cfe09c84/US20130293546A1-20131107-D00000.png
US-2017212757-A1,Simd processing unit with local data share and access to a global data share of a gpu ,"Advanced Micro Devices, Inc.","Michael J. Mantor, Brian Emberling",2008-05-30,2017-04-10,2017-07-27,,https://patents.google.com/patent/US20170212757A1/en,https://patentimages.storage.googleapis.com/8d/a9/de/f32dc8a9fc8d03/US20170212757A1-20170727-D00000.png
AT-425496-T,Data scanner touch flank placement training for a fast gpu memory interface ,Nvidia Corp,"Ting-Sheng Ku, Ashfaq Shaikh",2004-01-27,2005-01-26,2009-03-15,,https://patents.google.com/patent/AT425496T/en,
US-2007171219-A1,System and method of early rejection after transformation in a GPU ,Smedia Technology Corporation,You-Ming Tsao,2006-01-20,2006-01-20,2007-07-26,,https://patents.google.com/patent/US20070171219A1/en,https://patentimages.storage.googleapis.com/ad/40/c6/cca0b6eb1a7ff2/US20070171219A1-20070726-D00000.png
EP-2652611-A4,Device discovery and topology reporting in a combined cpu/gpu architecture system ,"Advanced Micro Devices, Inc., ATI Technologies ULC","Paul Blinzer, Leendert Van Doorn, Jeffrey Cheng, Elene Terry, Thomas Woller, Arshad Rahman",2010-12-15,2011-12-15,2017-04-26,,https://patents.google.com/patent/EP2652611A4/en,
CN-103440612-B,Image processing method and device in a kind of GPU vitualization ,华为技术有限公司,"王金堂, 韩伟东",2013-08-27,2013-08-27,2016-12-28,2016-12-28,https://patents.google.com/patent/CN103440612B/en,
US-8327109-B2,GPU support for garbage collection ,"Advanced Micro Devices, Inc.",Eric R Caspole,2010-03-02,2010-03-02,2012-12-04,2012-12-04,https://patents.google.com/patent/US8327109B2/en,https://patentimages.storage.googleapis.com/a0/1a/7a/b7bdb5c47498fb/US08327109-20121204-D00000.png
US-8780123-B2,Interrupt handling techniques in the rasterizer of a GPU ,Nvidia Corporation,"Franklin C. Crow, Jeffrey R. Sewall",2007-12-17,2007-12-17,2014-07-15,2014-07-15,https://patents.google.com/patent/US8780123B2/en,https://patentimages.storage.googleapis.com/48/3a/73/b819eda68e2c1b/US08780123-20140715-D00000.png
KR-20160033128-A,3d 표면 재구성을 위한 스파스 gpu 복셀화 ,"마이크로소프트 테크놀로지 라이센싱, 엘엘씨",찰스 티. 루프,2013-07-17,2014-07-15,2016-03-25,,https://patents.google.com/patent/KR20160033128A/ko,https://patentimages.storage.googleapis.com/b3/17/9b/cb6cccb7f8a469/pct00018.png
US-9099051-B2,GPU display abstraction and emulation in a virtualization system ,Ati Technologies Ulc,"Gongxian Jeffrey Cheng, Syed Athar Hussain",2012-03-02,2012-03-02,2015-08-04,2015-08-04,https://patents.google.com/patent/US9099051B2/en,https://patentimages.storage.googleapis.com/06/11/07/3743bdc4775e55/US09099051-20150804-D00000.png
US-7911474-B2,Memory management system and method for GPU-based volume rendering ,"Siemens Medical Solutions Usa, Inc.","Wei Li, Gianluca Paladini",2006-04-03,2007-02-28,2011-03-22,2011-03-22,https://patents.google.com/patent/US7911474B2/en,https://patentimages.storage.googleapis.com/78/09/b3/94aff7901143eb/US07911474-20110322-D00000.png
US-9143780-B1,Video encoder using GPU ,"Elemental Technologies, Inc.","Brian G. Lewis, Jesse J. Rosenzweig",2008-12-23,2013-10-09,2015-09-22,2015-09-22,https://patents.google.com/patent/US9143780B1/en,https://patentimages.storage.googleapis.com/2f/4a/a4/209cdbdddecd1d/US09143780-20150922-D00000.png
CN-105336003-B,The method for drawing out three-dimensional terrain model with reference to the real-time smoothness of GPU technologies ,中国人民解放军空军航空大学,"全吉成, 王玉锋, 杨明权, 白新伟, 孙文邦, 王平, 赵柏宇, 候宇青阳, 魏湧明",2015-09-28,2015-09-28,2018-05-25,2018-05-25,https://patents.google.com/patent/CN105336003B/en,
US-8218003-B2,Optimization strategies for GPU view projection matrix implementation ,Seiko Epson Corporation,"Kar-Han Tan, Yong Zhao",2007-10-05,2008-07-24,2012-07-10,2012-07-10,https://patents.google.com/patent/US8218003B2/en,https://patentimages.storage.googleapis.com/5e/fd/1d/ac6761a9da871c/US08218003-20120710-D00000.png
CN-103336718-B,A kind of GPU thread scheduling optimization method ,北京航空航天大学,"傅翠娇, 王锐, 栾钟治, 钱德沛",2013-07-04,2013-07-04,2016-07-06,2016-07-06,https://patents.google.com/patent/CN103336718B/en,
US-8290882-B2,Evaluating decision trees on a GPU ,Microsoft Corporation,Toby Sharp,2008-10-09,2008-10-09,2012-10-16,2012-10-16,https://patents.google.com/patent/US8290882B2/en,https://patentimages.storage.googleapis.com/fb/44/88/5e0c303cbade5d/US08290882-20121016-D00000.png
US-8861591-B2,Software video encoder with GPU acceleration ,"Advanced Micro Devices, Inc.","Michael L. Schmit, Rajy Meeyakhan Rawther, Radha Giduthuri",2007-05-11,2008-08-08,2014-10-14,2014-10-14,https://patents.google.com/patent/US8861591B2/en,https://patentimages.storage.googleapis.com/88/2f/b5/dd6ffb3bcab2c5/US08861591-20141014-D00000.png
US-2005213837-A1,System and method for GPU acceleration of push-relabel algorithm on grids ,"Yuri Boykov, Gianluca Paladini","Yuri Boykov, Gianluca Paladini",2004-02-18,2005-02-15,2005-09-29,,https://patents.google.com/patent/US20050213837A1/en,https://patentimages.storage.googleapis.com/43/af/eb/d39e799b91e217/US20050213837A1-20050929-D00000.png
US-7885454-B1,Recursive filters on GPUs ,Pixar,Michael Kass,2006-01-25,2010-08-23,2011-02-08,2011-02-08,https://patents.google.com/patent/US7885454B1/en,https://patentimages.storage.googleapis.com/df/6b/e1/91bba11048d351/US07885454-20110208-D00000.png
DE-112005000804-T5,Multi-label image segmentation with GPU ,"Siemens Medical Solutions Usa, Inc.","Shmuel Aharon, Leo Grady",2004-04-09,2005-04-06,2007-09-06,,https://patents.google.com/patent/DE112005000804T5/en,
TW-I477967-B,System and method for implementing gpu accelerated address translation and graphics processor ,Intel Corp,"Yunbio Ben Lin, Jianghong Julie Du",2011-12-21,2012-11-28,2015-03-21,2015-03-21,https://patents.google.com/patent/TWI477967B/en,
CN-103617150-B,A kind of system and method for the large-scale electrical power system power flow parallel computing based on GPU ,"国家电网公司, 中国电力科学研究院","陈德扬, 江涵, 徐得超, 李亚楼",2013-11-19,2013-11-19,2018-01-19,2018-01-19,https://patents.google.com/patent/CN103617150B/en,
US-9009712-B2,GPU distributed work-item queuing ,"Advanced Micro Devices, Inc.","Michael L. Schmit, Radhakrishna Giduthuri",2012-03-16,2012-03-16,2015-04-14,2015-04-14,https://patents.google.com/patent/US9009712B2/en,https://patentimages.storage.googleapis.com/3f/47/a6/5324577c75d930/US09009712-20150414-D00000.png
US-2008112614-A1,Histogram tile map for gpu based histogram computation ,"Siemens Corporate Research, Inc.","Oliver Fluck, Shmuel Aharon",2006-11-14,2007-06-06,2008-05-15,,https://patents.google.com/patent/US20080112614A1/en,https://patentimages.storage.googleapis.com/US20080112614A1/US20080112614A1-20080515-D00000.png
US-7596280-B2,Video acquisition with integrated GPU processing ,Apple Inc.,"Brett Bilbrey, Jay Zipnick, Alexei V. Ouzilevski",2005-09-29,2005-09-29,2009-09-29,2009-09-29,https://patents.google.com/patent/US7596280B2/en,
US-7711200-B2,Video acquisition with integrated GPU processing ,Apple Inc.,"Alexei V. Ouzilevski, Fernando Urbina, Brett Bilbrey, Jay Zipnick",2005-09-29,2005-09-29,2010-05-04,2010-05-04,https://patents.google.com/patent/US7711200B2/en,
US-8451284-B2,Video acquisition with integrated GPU processing ,Apple Inc.,"Brett Bilbrey, Jay Zipnick, Alexei V. Ouzilevski, Fernando Urbina, Harry Guo",2005-09-29,2012-01-13,2013-05-28,2013-05-28,https://patents.google.com/patent/US8451284B2/en,https://patentimages.storage.googleapis.com/5b/5d/b2/d8a94e80713e89/US08451284-20130528-D00000.png
CN-102519152-B,Calculating method for mirror field optical efficiency on basis of graphics processing unit (GPU) tower type solar energy thermoelectric system ,浙江大学,"赵豫红, 谢飞, 赵敏, 迮银曦",2011-11-30,2011-11-30,2013-06-26,2013-06-26,https://patents.google.com/patent/CN102519152B/en,
US-8854387-B2,Bundle-based CPU/GPU memory controller coordination mechanism ,"Advanced Micro Devices, Inc.",Jaewoong Chung,2010-12-22,2010-12-22,2014-10-07,2014-10-07,https://patents.google.com/patent/US8854387B2/en,https://patentimages.storage.googleapis.com/a9/35/c6/9d2ecee73ffaa7/US08854387-20141007-D00000.png
US-8490034-B1,Techniques of optical proximity correction using GPU ,"Gauda, Inc.","Ilhami H. Torunoglu, Ahmet Karakas, Erich E. Elsen",2010-07-08,2011-07-08,2013-07-16,2013-07-16,https://patents.google.com/patent/US8490034B1/en,https://patentimages.storage.googleapis.com/a7/3a/cd/e9c894efae926c/US08490034-20130716-D00000.png
CN-103020990-B,A moving target detection method based gpu ,华中科技大学,"金海�, 郑然�, 邓巍, 章勤",2012-12-06,2012-12-06,2015-09-09,2015-09-09,https://patents.google.com/patent/CN103020990B/en,
US-9665954-B2,Method for reconstructing PET image using GPU parallel computing ,"Zhejiang University, Huafeng LIU",Huafeng LIU,2012-06-27,2014-12-24,2017-05-30,2017-05-30,https://patents.google.com/patent/US9665954B2/en,https://patentimages.storage.googleapis.com/ce/45/be/891e91604befb6/US09665954-20170530-D00000.png
US-7580262-B2,Heat dissipation assembly for graphics card and blade server using the same ,"Hon Hai Precision Industry Co., Ltd.","Ming-Der Chou, Yao-Tin Chang",2007-11-12,2007-12-29,2009-08-25,2009-08-25,https://patents.google.com/patent/US7580262B2/en,https://patentimages.storage.googleapis.com/US7580262B2/US07580262-20090825-D00000.png
US-7519220-B2,"GPU accelerated isoperimetric algorithm for image segmentation, digital photo and video editing ","Siemens Medical Solutions Usa, Inc.","Shmuel Aharon, Leo Grady, Thomas Schiwietz",2004-11-15,2005-11-14,2009-04-14,2009-04-14,https://patents.google.com/patent/US7519220B2/en,
US-2014368669-A1,Gpu-accelerated background replacement ,Google Inc.,"Eino-Ville Aleksi Talvala, Shiqi Chen",2012-10-04,2012-10-04,2014-12-18,,https://patents.google.com/patent/US20140368669A1/en,https://patentimages.storage.googleapis.com/06/ef/1d/7daa014ce15625/US20140368669A1-20141218-D00000.png
US-9035969-B2,Method for multiple projector display using a GPU frame buffer ,Seiko Epson Corporation,"Victor Ivashin, Steve Nelson",2012-11-29,2012-11-29,2015-05-19,2015-05-19,https://patents.google.com/patent/US9035969B2/en,https://patentimages.storage.googleapis.com/4f/95/a5/12d7b12776848c/US09035969-20150519-D00000.png
US-7397964-B2,Gaussian blur approximation suitable for GPU ,Apple Inc.,"Ralph Brunner, Kok Chen, John Harper",2004-06-24,2004-06-24,2008-07-08,2008-07-08,https://patents.google.com/patent/US7397964B2/en,
US-7630549-B2,GPU accelerated multi-label digital photo and video editing ,Siemens Medical Solutions Usa. Inc.,"Shmuel Aharon, Leo Grady, Thomas Schiwietz",2004-11-15,2005-10-03,2009-12-08,2009-12-08,https://patents.google.com/patent/US7630549B2/en,
US-8842123-B2,Automatically testing a program executable on a graphics card ,Google Inc.,Roy E. Williams,2011-10-26,2012-10-18,2014-09-23,2014-09-23,https://patents.google.com/patent/US8842123B2/en,https://patentimages.storage.googleapis.com/30/0e/a0/88d1b51291f94b/US08842123-20140923-D00000.png
KR-20100059970-A,Wireless graphics card ,콸콤 인코포레이티드,"웨인 토마스 다니엘, 그레고리 엘. 크리스티손",2007-09-11,2008-09-11,2010-06-04,,https://patents.google.com/patent/KR20100059970A/en,https://patentimages.storage.googleapis.com/21/b1/80/184b2da306fb13/pct00001.png
IT-RM20120094-A1,"network interface card for computing network node parallel on GPU, and its communication method internodal ",Istituto Naz Di Fisica Nuclea Re,Davide Rossetti,2012-03-14,2012-03-14,2013-09-15,,https://patents.google.com/patent/ITRM20120094A1/en,
TW-I346911-B,"Method,gpu,and computer system for accelerated start tile search ",Nvidia Corp,"Frnaklin C Crow, Jeffrey R Sewall",2006-07-26,2007-07-17,2011-08-11,2011-08-11,https://patents.google.com/patent/TWI346911B/en,
US-8107592-B2,"Method of reconstructing computed tomography (CT) volumes suitable for execution on commodity central processing units (CPUS) and graphics processors, and apparatus operating in accord with those methods (rotational X-ray on GPUs) ",Pme Ip Australia Pty Ltd.,"Ari P. Berman, Scott A. Thieret, Joseph Goddard",2004-11-02,2010-07-07,2012-01-31,2012-01-31,https://patents.google.com/patent/US8107592B2/en,https://patentimages.storage.googleapis.com/46/dd/75/4cf145f83dabc0/US08107592-20120131-D00000.png
CN-102547289-B,Fast motion estimation method realized based on GPU (Graphics Processing Unit) parallel ,西安电子科技大学,"张岗山, 颜善, 赵林靖, 李建东, 吴宇红, 刘炯",2012-01-17,2012-01-17,2015-01-28,2015-01-28,https://patents.google.com/patent/CN102547289B/en,
US-8990827-B2,Optimizing data warehousing applications for GPUs using dynamic stream scheduling and dispatch of fused and split kernels ,"Nec Laboratories America, Inc.","Haicheng Wu, Srihari Cadambi, Srimat T Chakradhar",2011-10-11,2012-10-06,2015-03-24,2015-03-24,https://patents.google.com/patent/US8990827B2/en,https://patentimages.storage.googleapis.com/6e/cf/09/d8016fc8f551d3/US08990827-20150324-D00000.png
TW-I276947-B,Graphics card apparatus with improved heat dissipation ,Evga Com Inc,Tai-Sheng Han,2002-10-25,2002-12-31,2007-03-21,2007-03-21,https://patents.google.com/patent/TWI276947B/en,
US-7415604-B2,Method for adjusting an operating rate of a graphics card ,"Micro-Star Int'l Co., Ltd.","Ming-Ting Won, Fu-Shuen Wu, Chi-Chun Wu, Kuo-Hua Liao",2005-04-28,2005-06-29,2008-08-19,2008-08-19,https://patents.google.com/patent/US7415604B2/en,https://patentimages.storage.googleapis.com/US7415604B2/US07415604-20080819-D00000.png
JP-2009087327-A,Graphics card test method ,"Hon Hai Precision Industry Co Ltd, Kofukin Seimitsu Kogyo (Shenzhen) Yugenkoshi, 鴻富錦精密工業（深▲セン▼）有限公司, 鴻海精密工業股▲ふん▼有限公司","Ai-Min Chen, Xiao-Lin Gan, Yu-Kuang Ho, Pang Lin, 友光 何, 鵬 林, 小林 甘, 愛民 陳",2007-08-14,2008-08-14,2009-04-23,,https://patents.google.com/patent/JP2009087327A/en,https://patentimages.storage.googleapis.com/b5/01/fe/36ce247ac2a9c8/2009087327-3.png
CN-103811356-A,Method of embedding cpu/gpu/logic chip into a substrate of a package-on-package structure ,辉达公司,"翟军, 亚伊普拉卡什·基帕尔卡蒂, 尚塔努·卡尔丘里",2012-11-09,2013-11-11,2014-05-21,,https://patents.google.com/patent/CN103811356A/en,
JP-3756888-B2,"Graphics processor, graphics card and graphics processing system ",株式会社東芝,"敦 国松, 敬弘 齋藤",2003-04-17,2003-04-17,2006-03-15,2006-03-15,https://patents.google.com/patent/JP3756888B2/en,https://patentimages.storage.googleapis.com/ae/fb/2a/2069bcb95ffce8/0003756888-2.png
US-7339792-B2,Graphics card apparatus with improved heat dissipating assemblies ,Evga Corporation,Tai-Sheng (Andrew) Han,2005-12-14,2005-12-14,2008-03-04,2008-03-04,https://patents.google.com/patent/US7339792B2/en,https://patentimages.storage.googleapis.com/US7339792B2/US07339792-20080304-D00000.png
US-7321494-B2,Graphics card apparatus with improved heat dissipating mechanisms ,Evga Corporation,Tai-Sheng (Andrew) Han,2005-12-14,2005-12-14,2008-01-22,2008-01-22,https://patents.google.com/patent/US7321494B2/en,https://patentimages.storage.googleapis.com/US7321494B2/US07321494-20080122-D00000.png
US-9058678-B1,System and method for reducing the complexity of performing broad-phase collision detection on GPUs ,Nvidia Corporation,Scott M. Le Grand,2007-07-31,2007-12-12,2015-06-16,2015-06-16,https://patents.google.com/patent/US9058678B1/en,https://patentimages.storage.googleapis.com/c3/50/0d/627ee3b1d6d4e0/US09058678-20150616-D00000.png
CA-1154167-A,Interface circuit for coupling an automated maintnance system to a gpu ,"Ronald E. Lange, Robert J. Koegel, Honeywell Information Systems Inc.","Ronald E. Lange, Robert J. Koegel",1979-10-05,1980-09-03,1983-09-20,1983-09-20,https://patents.google.com/patent/CA1154167A/en,
EP-3270261-A1,Graphics card thermal interposer ,Asetek A/S,"Monem H. Alyaser, Jeremy A. Rice",2008-05-21,2009-05-21,2018-01-17,,https://patents.google.com/patent/EP3270261A1/en,https://patentimages.storage.googleapis.com/81/33/b6/e413a4f4935df5/imgf0001.png
US-2010007668-A1,Systems and methods for providing scalable parallel graphics rendering capability for information handling systems ,"Casparian Mark A, Azor Frank C, Cooper Brian P, Cubillos Jeffrey A, O'neill Kevin P, Asif Rehman, Wetzel Chris S","Mark A. Casparian, Frank C. Azor, Brian P. Cooper, Jeffrey A. Cubillos, Kevin P. O'Neill, Asif Rehman, Chris S. Wetzel",2008-07-08,2008-07-08,2010-01-14,,https://patents.google.com/patent/US20100007668A1/en,https://patentimages.storage.googleapis.com/US20100007668A1/US20100007668A1-20100114-D00000.png
CN-104641396-B,Delay preemption techniques for Dispatching Drawings processing unit command stream ,高通股份有限公司,"埃杜瓦杜斯·A·梅茨, 奈杰尔·特伦斯·普尔, 科林·克里斯托弗·夏普, 安德鲁·格鲁伯",2012-07-20,2013-06-20,2018-04-10,2018-04-10,https://patents.google.com/patent/CN104641396B/en,
KR-20090079241-A,Graphics processing unit with shared arithmetic logic unit ,퀄컴 인코포레이티드,"윈 두, 브라이언 루텐버그, 춘 위, 궈팡 자오",2006-10-17,2007-10-15,2009-07-21,,https://patents.google.com/patent/KR20090079241A/en,https://patentimages.storage.googleapis.com/fa/f5/39/c915eddf6fdd0d/112009029236397-PCT00001.png
US-7598958-B1,"Multi-chip graphics processing unit apparatus, system, and method ",Nvidia Corporation,Brian M. Kelleher,2004-11-17,2004-11-17,2009-10-06,2009-10-06,https://patents.google.com/patent/US7598958B1/en,https://patentimages.storage.googleapis.com/US7598958B1/US07598958-20091006-D00000.png
DE-112007002200-T5,Computer graphics system with multiple parallel processors ,"Alienware Labs Corp., Miami","Nelson Miami Gonzalez, Humberto Miami Organvidez, Juan H. Miami Organvidez",2006-09-18,2007-09-18,2009-07-23,,https://patents.google.com/patent/DE112007002200T5/en,
US-7633505-B1,"Apparatus, system, and method for joint processing in graphics processing units ",Nvidia Corporation,Brian M. Kelleher,2004-11-17,2004-11-17,2009-12-15,2009-12-15,https://patents.google.com/patent/US7633505B1/en,https://patentimages.storage.googleapis.com/US7633505B1/US07633505-20091215-D00000.png
US-7528836-B2,Programming multiple chips from a command buffer ,Nvidia Corporation,Franck R. Diard,2003-08-12,2006-01-06,2009-05-05,2009-05-05,https://patents.google.com/patent/US7528836B2/en,https://patentimages.storage.googleapis.com/US7528836B2/US07528836-20090505-D00000.png
US-2005086317-A1,Method and system for defining and controlling algorithmic elements in a graphics display system ,Microsoft Corporation,"Charles Boyd, Michael Toelle",2000-03-07,2004-10-22,2005-04-21,,https://patents.google.com/patent/US20050086317A1/en,https://patentimages.storage.googleapis.com/2a/73/b2/4e0d3735761ec9/US20050086317A1-20050421-D00000.png
US-9324174-B2,Multi-chip rendering with state control ,Nvidia Corporation,Franck R. Diard,2005-10-31,2009-11-24,2016-04-26,2016-04-26,https://patents.google.com/patent/US9324174B2/en,https://patentimages.storage.googleapis.com/b1/cc/13/71306389c3b560/US09324174-20160426-D00000.png
KR-20140117414-A,Para-virtualized high-performance computing and gdi acceleration ,마이크로소프트 코포레이션,"메헤르 프라사드 말라카팔리, 하오 장, 린 탄",2012-01-17,2013-01-10,2014-10-07,,https://patents.google.com/patent/KR20140117414A/en,https://patentimages.storage.googleapis.com/2c/ed/01/c1bb91c1cf5ca9/pct00004.png
US-7969444-B1,Distributed rendering of texture data ,Nvidia Corporation,"Ralf Biermann, Barthold B. Lichtenbelt, Ross A. Cunniff, Jeffrey F. Juliano, Jeffrey A. Bolz",2006-12-12,2006-12-12,2011-06-28,2011-06-28,https://patents.google.com/patent/US7969444B1/en,https://patentimages.storage.googleapis.com/06/57/5e/d0c316566d18ec/US07969444-20110628-D00000.png
US-8872838-B2,Primitive composition ,Microsoft Corporation,"Gerhard Schneider, Bede Jordan, Ashraf Michail, Brendan J. Clark, Pawel Wiktor Olszta",2011-09-09,2011-09-09,2014-10-28,2014-10-28,https://patents.google.com/patent/US8872838B2/en,https://patentimages.storage.googleapis.com/74/8c/69/ad7abd8ce36ca4/US08872838-20141028-D00000.png
US-7456833-B1,Graphical representation of load balancing and overlap ,Nvidia Corporation,Franck R. Diard,2005-06-15,2005-06-15,2008-11-25,2008-11-25,https://patents.google.com/patent/US7456833B1/en,https://patentimages.storage.googleapis.com/US7456833B1/US07456833-20081125-D00000.png
US-8941668-B2,Method and system for a scalable discrete graphics system ,Nvidia Corporation,Michael B. Diamond,2004-06-25,2004-06-25,2015-01-27,2015-01-27,https://patents.google.com/patent/US8941668B2/en,https://patentimages.storage.googleapis.com/5d/42/93/2fe67355e9fd7c/US08941668-20150127-D00000.png
US-7930557-B2,Framework for embedding graphical processing unit programs in computer software ,"Autodesk, Inc.",Justin Peace Novosad,2006-05-16,2006-05-16,2011-04-19,2011-04-19,https://patents.google.com/patent/US7930557B2/en,https://patentimages.storage.googleapis.com/a2/a3/bf/9c81c9540fb3a7/US07930557-20110419-D00000.png
EP-1815440-B1,Volume rendering apparatus and method ,"Toshiba Medical Visualization Systems Europe, Ltd.","Tim Day, Pavlos Papageorgiou, Dominic Crayford",2004-11-26,2005-11-11,2012-05-02,2012-05-02,https://patents.google.com/patent/EP1815440B1/en,https://patentimages.storage.googleapis.com/00/7f/36/763525c084de27/imgf0001.png
US-2011090232-A1,Graphics processing systems with multiple processors connected in a ring topology ,Nvidia Corporation,Philip Browning Johnson,2005-12-16,2010-12-28,2011-04-21,,https://patents.google.com/patent/US20110090232A1/en,https://patentimages.storage.googleapis.com/f3/aa/0c/23bf3c81ad9082/US20110090232A1-20110421-D00000.png
US-8928678-B2,Media workload scheduler ,Intel Corporation,"Changliang Charlie Wang, Venkataraman Radhakrishnan",2012-08-02,2012-08-02,2015-01-06,2015-01-06,https://patents.google.com/patent/US8928678B2/en,https://patentimages.storage.googleapis.com/0b/15/60/72615209303683/US08928678-20150106-D00000.png
US-9542914-B2,Display system with improved graphics abilities while switching graphics processing units ,Apple Inc.,"Kapil V. Sakariya, Victor H. Yin, Michael F. Culbert",2008-12-31,2008-12-31,2017-01-10,2017-01-10,https://patents.google.com/patent/US9542914B2/en,https://patentimages.storage.googleapis.com/02/a5/9d/7153523fa4ccd3/US09542914-20170110-D00000.png
US-2015339171-A1,Dynamic feedback load balancing ,Ati Technologies Ulc,"Joseph ANDONIEH, Arshad Rahman",2010-06-30,2015-07-31,2015-11-26,,https://patents.google.com/patent/US20150339171A1/en,https://patentimages.storage.googleapis.com/71/3f/ad/a34cc19d45f5f2/US20150339171A1-20151126-D00000.png
US-8612652-B2,"Systems, methods, and media for disabling graphic processing units ",Dell Products L.P.,"En-Lin Allen Tsuei, Matthew Page, Orlando Rigueira, Nathan Vecera",2008-07-08,2013-01-28,2013-12-17,2013-12-17,https://patents.google.com/patent/US8612652B2/en,https://patentimages.storage.googleapis.com/28/8a/a0/5a6a0a35aac0e5/US08612652-20131217-D00000.png
KR-101320758-B1,Seamlessly displaying migration of several video images ,애플 인크.,"카필 브이. 사카리야, 마이클 에프. 컬버트, 마이클 누겐트",2008-12-31,2009-12-30,2013-10-21,2013-10-21,https://patents.google.com/patent/KR101320758B1/en,https://patentimages.storage.googleapis.com/f2/46/96/1e51980c935715/112011058974188-pct00001.png
WO-2015080719-A1,Apparatus and method for scheduling graphics processing unit workloads from virtual machines ,Intel Corporation,"David J. Cowperthwaite, Murali Ramadoss, Ankur N. Shah, Balaji Vembu, Altug Koker, Aditya Navale",2013-11-27,2013-11-27,2015-06-04,,https://patents.google.com/patent/WO2015080719A1/en,
US-8564599-B2,Policy-based switching between graphics-processing units ,Apple Inc.,"Christopher C. Niederauer, Geoffrey G. Stahl",2010-01-06,2012-11-30,2013-10-22,2013-10-22,https://patents.google.com/patent/US8564599B2/en,https://patentimages.storage.googleapis.com/5b/0c/ab/43871064788938/US08564599-20131022-D00000.png
US-8436863-B2,Switch for graphics processing units ,Apple Inc.,Kapil V. Sakariya,2008-12-31,2012-06-25,2013-05-07,2013-05-07,https://patents.google.com/patent/US8436863B2/en,https://patentimages.storage.googleapis.com/70/fc/74/a26190d04ec1c2/US08436863-20130507-D00000.png
CN-101089836-B,Motherboard for graphics system with two or more graphics processing units ,辉达公司,拉多斯拉夫·丹尼拉克,2006-06-15,2007-06-14,2010-09-29,2010-09-29,https://patents.google.com/patent/CN101089836B/en,
US-9547535-B1,Method and system for providing shared memory access to graphics processing unit processes ,Nvidia Corporation,Nicholas Patrick Wilt,2009-04-30,2009-04-30,2017-01-17,2017-01-17,https://patents.google.com/patent/US9547535B1/en,https://patentimages.storage.googleapis.com/cf/5c/96/f287bbf23c0f02/US09547535-20170117-D00000.png
US-2017091981-A1,Non-volatile storage for graphics hardware ,Intel Corporation,"Adam W. Herr, Adam T. Lake, Ryan T. Tabrah",2010-05-29,2016-10-27,2017-03-30,,https://patents.google.com/patent/US20170091981A1/en,https://patentimages.storage.googleapis.com/fb/ba/d5/c33aa2dfad60de/US20170091981A1-20170330-D00000.png
WO-2014094410-A1,Particle flow simulation system and method ,中国科学院近代物理研究所,"杨磊, 齐记, 田园, 高笑菲",2012-12-20,2013-05-22,2014-06-26,,https://patents.google.com/patent/WO2014094410A1/en,
US-9734546-B2,Split driver to control multiple graphics processors in a computer system ,Nvidia Corporation,"Kirti Wankhede, Andrew Currid, Surath Raj Mitra, Chenghuan JIA",2013-10-03,2013-10-03,2017-08-15,2017-08-15,https://patents.google.com/patent/US9734546B2/en,https://patentimages.storage.googleapis.com/5b/ad/b7/248e52a6697f05/US09734546-20170815-D00000.png
KR-20160025554-A,System and method for providing secure access control to a graphics processing unit ,퀄컴 인코포레이티드,"토마스 정, 아제딘 투즈니, 윌리엄 토르제브스키",2013-07-01,2014-06-30,2016-03-08,,https://patents.google.com/patent/KR20160025554A/en,https://patentimages.storage.googleapis.com/22/1c/1d/368b834b989107/pct00001.png
US-10282809-B2,Data parallel processing method and apparatus based on multiple graphic processing units ,Tencent Technology (Shenzhen) Company Limited,"Xing Jin, Yi Li, Yongqiang ZOU, Zhimao Guo, Eryu Wang, Wei Xue, Bo Chen, Yong Li, Chunjian BAO, Lei Xiao",2014-06-20,2016-07-14,2019-05-07,2019-05-07,https://patents.google.com/patent/US10282809B2/en,https://patentimages.storage.googleapis.com/92/59/17/0cb2bc599971fb/US10282809-20190507-D00000.png
US-9607355-B2,Model parallel processing method and apparatus based on multiple graphic processing units ,Tencent Technology (Shenzhen) Company Limited,"Yongqiang ZOU, Yi Li, Xing Jin, Bin Xiao, Zhimao Guo, Wei Xue, Bo Chen, Yong Li, Lei Xiao",2014-06-20,2015-06-19,2017-03-28,2017-03-28,https://patents.google.com/patent/US9607355B2/en,https://patentimages.storage.googleapis.com/64/7c/20/02e36962d2b240/US09607355-20170328-D00000.png
US-10350485-B2,Method and apparatus for improving efficiency without increasing latency in emulation of a legacy application title ,Sony Interactive Entertainment Inc.,"Jacob P. Stine, Victor Octav Suba Mirua",2012-09-28,2017-12-11,2019-07-16,2019-07-16,https://patents.google.com/patent/US10350485B2/en,https://patentimages.storage.googleapis.com/4f/6e/0e/81da81872715c8/US10350485-20190716-D00000.png
US-2006098022-A1,"System and method for transfer of data between processors using a locked set, head and tail pointers ",International Business Machines Corporation,"Jeffrey Andrews, Nicholas Baker, J. Goossen, Russell Hoover, Eric Mejdrich, Sandra Woodward",2003-06-30,2005-12-16,2006-05-11,,https://patents.google.com/patent/US20060098022A1/en,https://patentimages.storage.googleapis.com/10/36/a0/e6ea8b68a49f35/US20060098022A1-20060511-D00000.png
CN-102722859-A,Method for rendering computer simulation scene ,北京像素软件科技股份有限公司,于静波,2012-05-31,2012-05-31,2012-10-10,,https://patents.google.com/patent/CN102722859A/en,
US-8203568-B2,Sharing a graphical processing unit between a plurality of programs ,"Graham Clemie, Dedrick Duckett","Graham Clemie, Dedrick Duckett",2002-03-01,2011-11-16,2012-06-19,2012-06-19,https://patents.google.com/patent/US8203568B2/en,https://patentimages.storage.googleapis.com/49/c7/8e/32075b74f6e4e2/US08203568-20120619-D00000.png
KR-101784671-B1,Patched shading in graphics processing ,퀄컴 인코포레이티드,"비니트 고엘, 앤드류 이 그루버, 동현 김",2012-04-04,2013-03-15,2017-10-12,2017-10-12,https://patents.google.com/patent/KR101784671B1/en,https://patentimages.storage.googleapis.com/c3/fa/d8/0589bebf5446c4/112014105331125-pct00004.png
KR-101342797-B1,효율적인 2-ｄ 및 3-ｄ 그래픽스 프로세싱 ,퀄컴 인코포레이티드,"궈팡 자오, 앵거스 엠 도비, 자이 씨 윈, 윈 두, 춘 위",2007-02-16,2008-02-15,2013-12-20,2013-12-20,https://patents.google.com/patent/KR101342797B1/ko,https://patentimages.storage.googleapis.com/43/33/ec/c530eb2f728710/112009056657372-pct00075.png
TW-201104620-A,Graphics processing unit with deferred vertex shading ,Qualcomm Inc,"guo-fang Jiao, Yun Du, ling-jun Chen, Chun Yu",2009-05-29,2010-05-31,2011-02-01,,https://patents.google.com/patent/TW201104620A/en,
EP-2786350-B1,Switching between direct rendering and binning in graphics processing using an overdraw tracker ,Qualcomm Incorporated,"Avinash Seetharamaiah, Christopher Paul FRASCATI",2011-11-30,2012-11-07,2018-09-12,2018-09-12,https://patents.google.com/patent/EP2786350B1/en,https://patentimages.storage.googleapis.com/1e/68/c3/b17243fc604c9b/imgf0001.png
KR-101523888-B1,Displaying static images ,퀄컴 인코포레이티드,코스로 엠 라비,2011-07-12,2012-06-12,2015-05-28,2015-05-28,https://patents.google.com/patent/KR101523888B1/en,https://patentimages.storage.googleapis.com/cb/61/fc/94a2c8a77fd2bb/112014013505991-pct00001.png
US-8643644-B2,Multi-stage tessellation for graphics rendering ,Qualcomm Incorporated,"Jian Wei, Guofang Jiao, Ning Bi, Chehui Wu",2008-03-20,2008-03-20,2014-02-04,2014-02-04,https://patents.google.com/patent/US8643644B2/en,https://patentimages.storage.googleapis.com/13/35/12/01ca6eccb2dbce/US08643644-20140204-D00000.png
