search URL:,https://patents.google.com/?q=VR&oq=VR
id,title,assignee,inventor/author,priority date,filing/creation date,publication date,grant date,result link,representative figure link
US-9779540-B2,Calibration of virtual reality systems ,"Oculus Vr, Llc","Dov Katz, Maksym Katsev, Neil Konzen, Steven Lavalle, Michael Antonov",2014-01-06,2016-11-08,2017-10-03,2017-10-03,https://patents.google.com/patent/US9779540B2/en,https://patentimages.storage.googleapis.com/6f/6a/41/879ecda3bdaf04/US09779540-20171003-D00000.png
US-7224326-B2,Virtual reality system ,"Volo, Llc",Robert T. Sefton,2004-03-03,2004-03-03,2007-05-29,2007-05-29,https://patents.google.com/patent/US7224326B2/en,https://patentimages.storage.googleapis.com/US7224326B2/US07224326-20070529-D00000.png
US-9692855-B2,Virtual assistant system to enable virtual reality ,"Wand Labs, Inc.","Vishal Sharma, Elhum Amjadi",2014-12-11,2016-05-20,2017-06-27,2017-06-27,https://patents.google.com/patent/US9692855B2/en,https://patentimages.storage.googleapis.com/f1/dd/62/6346e7ee4a0c11/US09692855-20170627-D00000.png
US-6600480-B2,Virtual reality keyboard system and method ,Anthony James Francis Natoli,Anthony James Francis Natoli,1998-12-31,2002-05-13,2003-07-29,2003-07-29,https://patents.google.com/patent/US6600480B2/en,https://patentimages.storage.googleapis.com/33/b1/5f/55ce0c19555538/US06600480-20030729-D00000.png
US-6388657-B1,Virtual reality keyboard system and method ,Anthony James Francis Natoli,Anthony James Francis Natoli,1997-12-31,1998-12-31,2002-05-14,2002-05-14,https://patents.google.com/patent/US6388657B1/en,https://patentimages.storage.googleapis.com/c2/c2/c8/6f5420ce2bb8df/US6388657-drawings-page-2.png
US-6795972-B2,Subscriber television system user interface with a virtual reality media space ,"Scientific-Atlanta, Inc.",Luis A. Rovira,2001-06-29,2001-06-29,2004-09-21,2004-09-21,https://patents.google.com/patent/US6795972B2/en,https://patentimages.storage.googleapis.com/5d/aa/a8/efaf315c00966a/US06795972-20040921-D00000.png
CA-2743369-C,System and method for integrating gaze tracking with virtual reality or augmented reality ,"Queen's University At Kingston, Ian E. Brown, Stephen H. Scott","Ian E. Brown, Stephen H. Scott",2008-11-13,2009-11-12,2016-09-06,2016-09-06,https://patents.google.com/patent/CA2743369C/en,
KR-101656172-B1,Enhanced communication between remote participants using augmented and virtual reality ,아바야 인코포레이티드,"타마르 바루자, 야이르 위너, 오리 모다이, 아자리아 코헨",2014-01-24,2015-01-22,2016-09-08,2016-09-08,https://patents.google.com/patent/KR101656172B1/en,https://patentimages.storage.googleapis.com/1c/ff/c3/56577b8de0b065/112015015412014-pat00001.png
US-10120413-B2,System and method for enhanced training using a virtual reality environment and bio-signal data ,Interaxon Inc.,"Christopher Allen Aimone, Trevor Coleman, Ariel Stephanie Garten, Kapil Jay Mishra Vidyarthi, Locillo (Lou) Giuseppe Pino, Michael Apollo Chabior, Paul Harrison Baranowski, Raul Rajiv Rupsingh, Madeline Ashby, Paul V. Tadich",2014-09-11,2015-09-11,2018-11-06,2018-11-06,https://patents.google.com/patent/US10120413B2/en,https://patentimages.storage.googleapis.com/a1/67/50/1756ca2ee8c855/US10120413-20181106-D00000.png
KR-100443552-B1,System and method for embodying virtual reality ,한국전자통신연구원,"구본기, 김성예, 김해동, 김재철, 최병태",2002-11-18,2002-11-18,2004-08-09,2004-08-09,https://patents.google.com/patent/KR100443552B1/en,
US-7319992-B2,Method and apparatus for delivering a virtual reality environment ,The Mission Corporation,Maria Gaos,2000-09-25,2001-09-25,2008-01-15,2008-01-15,https://patents.google.com/patent/US7319992B2/en,https://patentimages.storage.googleapis.com/5d/49/27/a1eed792554b20/US07319992-20080115-D00001.png
US-9984506-B2,Stress reduction in geometric maps of passable world model in augmented or virtual reality systems ,"Magic Leap, Inc.",Samuel A. Miller,2014-04-18,2015-05-07,2018-05-29,2018-05-29,https://patents.google.com/patent/US9984506B2/en,https://patentimages.storage.googleapis.com/3c/76/a4/4e38cb64435792/US09984506-20180529-D00000.png
US-6409599-B1,Interactive virtual reality performance theater entertainment system ,"Ham On Rye Technologies, Inc.","Randy T. Sprout, Susan M. Sprout",1999-07-19,2000-07-17,2002-06-25,2002-06-25,https://patents.google.com/patent/US6409599B1/en,https://patentimages.storage.googleapis.com/2a/bc/e3/8be6919705865a/US06409599-20020625-D00000.png
US-6310619-B1,"Virtual reality, tissue-specific body model having user-variable tissue-specific attributes and a system and method for implementing the same ",Robert W. Rice,Robert W. Rice,1998-11-10,1998-11-10,2001-10-30,2001-10-30,https://patents.google.com/patent/US6310619B1/en,https://patentimages.storage.googleapis.com/36/b1/55/99c15a873479bc/US6310619-drawings-page-2.png
US-9251504-B2,Configuring a virtual reality environment in a contact center ,Avaya Inc.,David L. Chavez,2011-08-29,2012-05-15,2016-02-02,2016-02-02,https://patents.google.com/patent/US9251504B2/en,https://patentimages.storage.googleapis.com/8a/24/35/ce5b2d3eca732b/US09251504-20160202-D00000.png
US-7506264-B2,Method and apparatus for presenting navigable data center information in virtual reality using leading edge rendering engines ,International Business Machines Corporation,Michael George Polan,2005-04-28,2005-04-28,2009-03-17,2009-03-17,https://patents.google.com/patent/US7506264B2/en,https://patentimages.storage.googleapis.com/6d/a1/61/1865f807cb8f18/US07506264-20090317-D00001.png
KR-101174450-B1,"Virtual reality environment creating device, and controller device ",독립행정법인 산업기술종합연구소,노리오 나카무라,2007-09-14,2008-09-12,2012-08-16,2012-08-16,https://patents.google.com/patent/KR101174450B1/en,https://patentimages.storage.googleapis.com/43/3e/6d/6a0b97ba60b98d/112010023243650-pct00001.png
US-9872968-B2,Biofeedback virtual reality sleep assistant ,Sri International,"Massimiliano de Zambotti, Ian M. Colrain, Fiona C. Baker, Rakesh Kumar, Mikhail Sizintsev, Supun Samarasekera, Glenn A. Murray",2013-04-17,2014-04-11,2018-01-23,2018-01-23,https://patents.google.com/patent/US9872968B2/en,https://patentimages.storage.googleapis.com/02/e3/c7/b4d2007989d071/US09872968-20180123-D00000.png
US-5737533-A,System for generating a virtual reality scene in response to a database search ,Wegener Internet Projects Bv,Maurice de Hond,1995-10-26,1995-10-26,1998-04-07,1998-04-07,https://patents.google.com/patent/US5737533A/en,https://patentimages.storage.googleapis.com/39/cf/5e/2f36b19d8b459e/US5737533-drawings-page-2.png
US-6084979-A,Method for creating virtual reality ,Carnegie Mellon University,"Takeo Kanade, P. J. Narayanan, Peter W. Rander",1996-06-20,1996-06-20,2000-07-04,2000-07-04,https://patents.google.com/patent/US6084979A/en,https://patentimages.storage.googleapis.com/85/c7/93/0e4a7fe016892d/US6084979-drawings-page-3.png
US-9824391-B2,Virtual reality shopping experience ,"Iii Holdings 1, Llc","Elliott Glazer, Carol Lee Hobson, Elizabeth S. Deming, Coby Royer, Jeff S. Fehlhaber",2004-03-11,2013-10-23,2017-11-21,2017-11-21,https://patents.google.com/patent/US9824391B2/en,https://patentimages.storage.googleapis.com/66/58/11/8c575dd14cf24f/US09824391-20171121-D00000.png
US-7800609-B2,Method and apparatus for generating and interfacing with a haptic virtual reality environment ,"Sensable Technologies, Inc.","Christopher Tarr, J. Kenneth Salisbury, Jr., Thomas Harold Massie, Walter A. Aviles",1996-08-02,2008-01-02,2010-09-21,2010-09-21,https://patents.google.com/patent/US7800609B2/en,https://patentimages.storage.googleapis.com/b1/60/6b/9a1260b5112693/US07800609-20100921-D00000.png
US-RE45785-E,Virtual reality camera ,Intellectual Ventures Llc,Eric Shenchang Chen,1997-09-26,2013-03-18,2015-10-27,2015-10-27,https://patents.google.com/patent/USRE45785E1/en,https://patentimages.storage.googleapis.com/6d/af/c2/862b25a9d875de/USRE045785-20151027-D00000.png
US-6191796-B1,Method and apparatus for generating and interfacing with rigid and deformable surfaces in a haptic virtual reality environment ,"Sensable Technologies, Inc.",Christopher Tarr,1998-01-21,1998-01-21,2001-02-20,2001-02-20,https://patents.google.com/patent/US6191796B1/en,https://patentimages.storage.googleapis.com/41/0e/e2/74d548cad82fcd/US6191796-drawings-page-4.png
US-6744436-B1,Virtual reality warehouse management system complement ,"Anthony Chirieleison, Jr., Tony Chirieleison, Sr.","Anthony Chirieleison, Jr., Tony Chirieleison, Sr.",1999-05-25,1999-05-25,2004-06-01,2004-06-01,https://patents.google.com/patent/US6744436B1/en,https://patentimages.storage.googleapis.com/28/a8/4a/08f04fd3d779aa/US6744436-drawings-page-2.png
US-5958012-A,Network management system using virtual reality techniques to display and simulate navigation to network components ,"Computer Associates International, Inc.","Reuven Battat, Michael Her, Chandrasekha Sundaresh, Anders Vinberg, Sidney Wang",1996-07-18,1997-07-15,1999-09-28,1999-09-28,https://patents.google.com/patent/US5958012A/en,https://patentimages.storage.googleapis.com/bd/3a/b8/87432b224fe47e/US5958012-drawings-page-2.png
US-6917370-B2,Interacting augmented reality and virtual reality ,Charles Benton,Charles Benton,2002-05-13,2002-05-13,2005-07-12,2005-07-12,https://patents.google.com/patent/US6917370B2/en,https://patentimages.storage.googleapis.com/d7/f0/46/dcd2f6d1cd178b/US06917370-20050712-D00000.png
US-6289299-B1,Systems and methods for interactive virtual reality process control and simulation ,Westinghouse Savannah River Company,"William E. Daniel, Jr., Michael A. Whitney",1999-02-17,1999-02-17,2001-09-11,2001-09-11,https://patents.google.com/patent/US6289299B1/en,https://patentimages.storage.googleapis.com/e7/52/49/b233e133144997/US6289299-drawings-page-3.png
US-7814520-B2,System for providing on-line virtual reality movies by transmitting partial resolution frames through a subtraction process ,Jacob Leon Guedalia,Jacob Leon Guedalia,1996-02-14,2002-12-24,2010-10-12,2010-10-12,https://patents.google.com/patent/US7814520B2/en,https://patentimages.storage.googleapis.com/a2/7e/1a/0ff95d0a854381/US07814520-20101012-D00000.png
JP-6526721-B2,Head-mounted device (HMD) system having an interface with mobile computing device for rendering virtual reality content ,"ソニー インタラクティブ エンタテインメント アメリカ リミテッド ライアビリテイ カンパニー, ソニー  インタラクティブ  エンタテインメント  アメリカ  リミテッド  ライアビリテイ  カンパニー","エム． ザルースキ ゲイリー, エム．  ザルースキ ゲイリー",2014-05-30,2015-05-18,2019-06-05,2019-06-05,https://patents.google.com/patent/JP6526721B2/en,https://patentimages.storage.googleapis.com/5b/5d/98/1e830dcc99b9e8/0006526721-2.png
US-10334220-B2,Aggregating images and audio data to generate virtual reality content ,Jaunt Inc.,"Arthur Van Hoff, Thomas M. Annau, Jens CHRISTENSEN",2013-08-21,2014-08-21,2019-06-25,2019-06-25,https://patents.google.com/patent/US10334220B2/en,https://patentimages.storage.googleapis.com/74/53/dc/666ba441534396/US10334220-20190625-D00000.png
US-5980256-A,Virtual reality system with enhanced sensory apparatus ,Carmein; David E. E.,David E. E. Carmein,1993-10-29,1996-02-13,1999-11-09,1999-11-09,https://patents.google.com/patent/US5980256A/en,https://patentimages.storage.googleapis.com/bb/cc/35/f10381542a7ac0/US5980256-drawings-page-2.png
US-9696795-B2,Systems and methods of creating a realistic grab experience in virtual reality/augmented reality environments ,"Leap Motion, Inc.","Alex MARCOLINA, David S. HOLZ, Paul A. Durdik",2015-02-13,2015-02-19,2017-07-04,2017-07-04,https://patents.google.com/patent/US9696795B2/en,https://patentimages.storage.googleapis.com/9f/e2/6c/e0f2df739a948d/US09696795-20170704-D00000.png
US-6011581-A,Intelligent method and system for producing and displaying stereoscopically-multiplexed images of three-dimensional objects for use in realistic stereoscopic viewing thereof in interactive virtual reality display environments ,"Reveo, Inc.","David C. Swift, Sadeg M. Faris",1992-11-16,1995-01-20,2000-01-04,2000-01-04,https://patents.google.com/patent/US6011581A/en,https://patentimages.storage.googleapis.com/2b/fd/47/9b07705c9e3e5a/US6011581-drawings-page-15.png
US-6629065-B1,Methods and apparata for rapid computer-aided design of objects in virtual reality and other environments ,Wisconsin Alumni Research Foundation,"Rajit Gadh, Tushar H. Dani",1998-09-30,1999-09-30,2003-09-30,2003-09-30,https://patents.google.com/patent/US6629065B1/en,https://patentimages.storage.googleapis.com/a2/13/50/3f4c9bec914c85/US6629065-drawings-page-3.png
US-6831640-B2,Systems and methods for sculpting virtual objects in a haptic virtual reality environment ,"Sensable Technologies, Inc.","Loren Shih, Walter A. Aviles, Thomas H. Massie, Walter C. Shannon, III",1998-07-17,2003-02-26,2004-12-14,2004-12-14,https://patents.google.com/patent/US6831640B2/en,https://patentimages.storage.googleapis.com/58/e9/1e/610f230f3f269c/US06831640-20041214-D00000.png
US-6149586-A,System and method for diagnosing executive dysfunctions using virtual reality and computer simulation ,Elkind; Jim,Jim Elkind,1998-01-29,1999-01-29,2000-11-21,2000-11-21,https://patents.google.com/patent/US6149586A/en,https://patentimages.storage.googleapis.com/13/da/e4/c02591e6cf06a6/US6149586-drawings-page-2.png
US-7864173-B2,Systems and methods for creating virtual objects in a sketch mode in a haptic virtual reality environment ,"Sensable Technologies, Inc.","Joshua Handley, Marc Midura, Bradley Payne, Walter A. Aviles, Thomas H. Massie, Walter C. Shannon, III",1998-07-17,2004-07-27,2011-01-04,2011-01-04,https://patents.google.com/patent/US7864173B2/en,https://patentimages.storage.googleapis.com/8a/a1/04/2b00802f1ba976/US07864173-20110104-D00000.png
US-9473758-B1,Methods and systems for game video recording and virtual reality replay ,"Sliver VR Technologies, Inc.","Jieyi Long, Mitchell C. Liu",2015-12-06,2015-12-06,2016-10-18,2016-10-18,https://patents.google.com/patent/US9473758B1/en,https://patentimages.storage.googleapis.com/99/95/3d/7a37b80c5d8e22/US09473758-20161018-D00000.png
US-7812815-B2,Compact haptic and augmented virtual reality system ,The Broad of Trustees of the University of Illinois,"Prashant Banerjee, Cristian Luciano, Gregory Dawe, Lucian Florea, Arnold D. Steinberg, James Drummond, Milos Zefran",2005-01-25,2006-01-24,2010-10-12,2010-10-12,https://patents.google.com/patent/US7812815B2/en,https://patentimages.storage.googleapis.com/ae/14/68/0eb4eb8b0aff18/US07812815-20101012-D00000.png
US-8229163-B2,4D GIS based virtual reality for moving target prediction ,American Gnc Corporation,"Norman P. Coleman, Ching-Fang Lin",2007-08-22,2008-08-22,2012-07-24,2012-07-24,https://patents.google.com/patent/US8229163B2/en,https://patentimages.storage.googleapis.com/b4/9f/d4/7aaf993cf65bf2/US08229163-20120724-D00000.png
US-9143729-B2,Systems and methods for real-time virtual-reality immersive multimedia communications ,"Blue Jeans Networks, Inc.","Raghavan Anand, Alagu Periyannan",2010-05-12,2011-05-11,2015-09-22,2015-09-22,https://patents.google.com/patent/US9143729B2/en,https://patentimages.storage.googleapis.com/d2/1c/d7/23bd2c537c412a/US09143729-20150922-D00000.png
CA-2311319-C,Virtual reality 3d visualization for surgical procedures ,"Burdette Medical Systems, Inc., Edward J. Holupka, Everette C. Burdette, Irving D. Kaplan, Computerized Medical Systems, Inc, Cmsi Holdings Corp., Impac Medical Systems, Inc.","Edward J. Holupka, Everette C. Burdette, Irving D. Kaplan",1995-07-26,1998-11-23,2005-07-05,2005-07-05,https://patents.google.com/patent/CA2311319C/en,
EP-0899690-B1,Apparatus and method for presenting mixed virtual reality shared among operators ,Canon Kabushiki Kaisha,"Toshikazu Ohshima, Kiyohide Sato, Hiroyuki Yamamoto, Masakazu Fujiki, Naosato Taniguchi, Akihiro Katayama",1997-09-01,1998-03-24,2006-07-26,2006-07-26,https://patents.google.com/patent/EP0899690B1/en,https://patentimages.storage.googleapis.com/0e/18/a5/5e8d1ec9878fb8/imgf0001.png
US-9788714-B2,Systems and methods using virtual reality or augmented reality environments for the measurement and/or improvement of human vestibulo-ocular performance ,"Iarmourholdings, Inc.",Wesley W. O. Krueger,2014-07-08,2016-05-23,2017-10-17,2017-10-17,https://patents.google.com/patent/US9788714B2/en,https://patentimages.storage.googleapis.com/be/d2/bc/ab457ff4e00e37/US09788714-20171017-D00000.png
US-9841601-B2,Delivering viewing zones associated with portions of an image for augmented or virtual reality ,"Magic Leap, Inc.",Brian T. Schowengerdt,2013-11-27,2015-05-06,2017-12-12,2017-12-12,https://patents.google.com/patent/US9841601B2/en,https://patentimages.storage.googleapis.com/33/15/d9/34aaf11af7f264/US09841601-20171212-D00000.png
KR-100484369-B1,Device and method for immersion into virtual reality ,누라크메드 누리슬라모비크 라티포브,누라크메드 누리슬라모비크 라티포브,1995-07-14,1996-06-24,2005-08-02,2005-08-02,https://patents.google.com/patent/KR100484369B1/en,
US-6813085-B2,Virtual reality display device ,Angus Duncan Richards,Angus Duncan Richards,2000-06-26,2001-06-25,2004-11-02,2004-11-02,https://patents.google.com/patent/US6813085B2/en,https://patentimages.storage.googleapis.com/fa/b8/dd/c18f3b41d8ae7a/US06813085-20041102-D00000.png
US-7285563-B2,Heteroaromatic urea derivatives as VR-1 receptor modulators for treating pain ,"Rebecca Elizabeth Brown, Victoria Alexandra Doughty, Gregory John Hollingworth, Jones A Brian, Matthew John Lindon, Christopher Richard Moyes, Lauren Rogers","Rebecca Elizabeth Brown, Victoria Alexandra Doughty, Gregory John Hollingworth, A. Brian Jones, Matthew John Lindon, Christopher Richard Moyes, Lauren Rogers",2002-03-22,2003-03-21,2007-10-23,2007-10-23,https://patents.google.com/patent/US7285563B2/en,
US-6425764-B1,"Virtual reality immersion therapy for treating psychological, psychiatric, medical, educational and self-help problems ",Ralph J. Lamson,Ralph J. Lamson,1997-06-09,1997-12-12,2002-07-30,2002-07-30,https://patents.google.com/patent/US6425764B1/en,https://patentimages.storage.googleapis.com/47/3e/c9/8646807156847b/US6425764-drawings-page-3.png
US-6121953-A,Virtual reality system for sensing facial movements ,"Modern Cartoons, Ltd.",Chris Walker,1997-02-06,1997-02-06,2000-09-19,2000-09-19,https://patents.google.com/patent/US6121953A/en,https://patentimages.storage.googleapis.com/c4/33/d7/689eb59538d96d/US6121953-drawings-page-2.png
EP-2771877-B1,System and method for augmented and virtual reality ,"Magic Leap, Inc.",Samuel A. MILLER,2011-10-28,2012-10-29,2017-10-11,2017-10-11,https://patents.google.com/patent/EP2771877B1/en,https://patentimages.storage.googleapis.com/91/af/47/ae6f0cc45ffeeb/imgf0001.png
US-8944928-B2,Virtual reality system for viewing current and previously stored or calculated motion data ,Blast Motion Inc.,"Ryan KAPS, Michael Bentley, Bhaskar Bose",2010-08-26,2012-11-16,2015-02-03,2015-02-03,https://patents.google.com/patent/US8944928B2/en,https://patentimages.storage.googleapis.com/e0/8b/dc/5ae9cb103edc00/US08944928-20150203-D00000.png
US-5584700-A,Virtual-reality based flycycle exercise machine ,Advanced Technology And Research Corporation,"Philip G. Feldman, Jackson C. S. Yang",1994-12-19,1994-12-19,1996-12-17,1996-12-17,https://patents.google.com/patent/US5584700A/en,https://patentimages.storage.googleapis.com/41/a6/e9/91f170952c0bb4/US5584700-drawings-page-2.png
US-10437062-B2,Augmented and virtual reality display platforms and methods for delivering health treatments to a user ,"Magic Leap, Inc.","Nicole Elizabeth Samec, John Graham Macnamara, Christopher M. Harrises, Brian T. Schowengerdt, Rony Abovitz, Mark Baerenrodt",2015-03-16,2016-09-19,2019-10-08,2019-10-08,https://patents.google.com/patent/US10437062B2/en,https://patentimages.storage.googleapis.com/c3/a8/01/8ee68fff53a9e7/US10437062-20191008-D00000.png
US-7754955-B2,Virtual reality composer platform system ,Mark Patrick Egan,Mark Patrick Egan,2007-11-02,2007-11-02,2010-07-13,2010-07-13,https://patents.google.com/patent/US7754955B2/en,https://patentimages.storage.googleapis.com/d3/67/f2/5ac03dc12ca6f0/US07754955-20100713-D00000.png
EP-0753836-B1,A three-dimensional virtual reality space sharing method and system ,Sony Corporation,Junichi c/o Sony Corp. Rekimoto,1995-07-12,1996-07-12,2002-03-27,2002-03-27,https://patents.google.com/patent/EP0753836B1/en,https://patentimages.storage.googleapis.com/88/8a/6f/b9040cf8fe995f/01570001.png
US-8924880-B2,Methods and systems to facilitate real time communications in virtual reality ,Yp Interactive Llc,"Ebbe Altberg, Scott Faber, Ron Hirson, Ben Harris LYON, Paul G. MANCA, Sean Van der Linden, Virginia Hong-Jia YANG",2007-04-20,2013-10-29,2014-12-30,2014-12-30,https://patents.google.com/patent/US8924880B2/en,https://patentimages.storage.googleapis.com/91/5d/16/cba35cf7d664bb/US08924880-20141230-D00000.png
CN-103149689-B,Expansion of virtual reality monitor ,微软技术许可有限责任公司,"B·芒特, S·拉塔, A·普洛斯, D·麦卡洛克, D·贝内特, R·哈斯汀斯, J·斯科特",2011-12-06,2012-12-05,2015-12-23,2015-12-23,https://patents.google.com/patent/CN103149689B/en,
US-6009210-A,Hands-free interface to a virtual reality environment using head tracking ,Digital Equipment Corporation,Sing Bing Kang,1997-03-05,1997-03-05,1999-12-28,1999-12-28,https://patents.google.com/patent/US6009210A/en,https://patentimages.storage.googleapis.com/3b/db/8e/c7db412cc8ba08/US6009210-drawings-page-3.png
RU-2120664-C1,System for generation of virtual reality for user ,"Нурахмед Нурисламович Латыпов, Нурулла Нурисламович Латыпов","Нурахмед Нурисламович Латыпов, Нурулла Нурисламович Латыпов",1997-05-06,1997-05-06,1998-10-20,1998-10-20,https://patents.google.com/patent/RU2120664C1/en,https://patentimages.storage.googleapis.com/81/73/ac/93e58933594f32/00000002.png
US-6057846-A,Virtual reality psychophysiological conditioning medium ,"Sever, Jr.; Frank","Frank Sever, Jr.",1995-07-14,1997-10-30,2000-05-02,2000-05-02,https://patents.google.com/patent/US6057846A/en,
US-8625752-B2,Closed-loop command and response system for automatic communications between interacting computer systems over an audio communications channel ,"Intellisist, Inc.",Martin R. M. Dunsmuir,2002-03-28,2007-02-28,2014-01-07,2014-01-07,https://patents.google.com/patent/US8625752B2/en,https://patentimages.storage.googleapis.com/06/a4/fc/591aaadb95fa36/US08625752-20140107-D00000.png
US-6091410-A,Avatar pointing mode ,International Business Machines Corporation,"David Bruce Lection, II Abbott Purdy Brush, Mark Edward Molander",1997-11-26,1997-11-26,2000-07-18,2000-07-18,https://patents.google.com/patent/US6091410A/en,https://patentimages.storage.googleapis.com/54/0d/d1/66670bc592e914/US6091410-drawings-page-2.png
US-4657313-A,Slip-controlled brake system for road vehicles ,Alfred Teves Gmbh,"Helmut Fennel, Ivica Batistic",1984-04-12,1985-04-12,1987-04-14,1987-04-14,https://patents.google.com/patent/US4657313A/en,https://patentimages.storage.googleapis.com/4d/59/fc/369853c8db04c3/US4657313-drawings-page-2.png
US-4467428-A,Automatic speed control systems ,Associated Engineering Limited,Kenneth B. Caldwell,1980-08-08,1981-07-21,1984-08-21,1984-08-21,https://patents.google.com/patent/US4467428A/en,https://patentimages.storage.googleapis.com/8f/6d/4b/ce2106a8ddab9b/US4467428-drawings-page-2.png
US-6216053-B1,Apparatus and method for uniformly delivering feed rations along a feedbunk using global positioning system ,"Lextron, Inc.","J. Sam Cureton, Thomas Pavlak, James Carisch, Michael A. Ackerman, Arlen Anderson",1992-11-09,1998-03-19,2001-04-10,2001-04-10,https://patents.google.com/patent/US6216053B1/en,https://patentimages.storage.googleapis.com/6e/a8/76/239962f30a5438/US6216053-drawings-page-2.png
US-6032084-A,System for carrying out and managing animal feedlot operations using coordinate acquisition techniques ,"Lextron, Inc.","Arlen Anderson, Michael Ackerman, Samuel Cureton, James Carish",1992-11-09,1996-08-30,2000-02-29,2000-02-29,https://patents.google.com/patent/US6032084A/en,https://patentimages.storage.googleapis.com/c2/e6/80/6bd1ea8d0a9ea2/US6032084-drawings-page-22.png
EP-0566595-B1,Clutch control system ,Automotive Products Plc,Roger Porter 87 Lime Avenue Jarvis,1991-01-18,1991-12-23,1996-02-28,1996-02-28,https://patents.google.com/patent/EP0566595B1/en,https://patentimages.storage.googleapis.com/b6/30/b1/6768e825322198/imgf0001.png
JP-4167069-B2,"Vehicle overtaking operation support method, vehicle overtaking operation support device ",ローベルト  ボッシュ  ゲゼルシャフト  ミット  ベシュレンクテル  ハフツング,"イリオン，アルプレヒト, ヴィナー，ヘルマン, ラウクスマン，ラルフ",2001-03-23,2002-01-30,2008-10-15,2008-10-15,https://patents.google.com/patent/JP4167069B2/en,https://patentimages.storage.googleapis.com/64/a9/0c/30d81f38cb3a78/0004167069-8.png
RU-2140068-C1,Densimeter with vibrating tube ,"Микро Моушн, Инк.","Палани Аруначалам, Роберт Брак, Дэвид Скотт МакКоллум, Джозеф Дэвид Титлоу",1991-10-08,1993-03-24,1999-10-20,1999-10-20,https://patents.google.com/patent/RU2140068C1/en,https://patentimages.storage.googleapis.com/a0/86/ae/a1e0137c04c77d/00000005.png
EP-0706691-B1,Product structure management ,Electronic Data Systems Corporation,"Boma Richard Koko, Hugh D. Stewart",1993-06-29,1994-06-27,2001-09-12,2001-09-12,https://patents.google.com/patent/EP0706691B1/en,https://patentimages.storage.googleapis.com/b0/46/91/80919436d9e217/01020001.png
US-9674276-B2,Virtual multicasting ,"Khanh Mai, Roland Noll, Tom Grimes, Tom Dong","Khanh Mai, Roland Noll, Tom Grimes, Tom Dong",2000-06-29,2014-11-24,2017-06-06,2017-06-06,https://patents.google.com/patent/US9674276B2/en,https://patentimages.storage.googleapis.com/c5/9d/05/0edbd19de71b0b/US09674276-20170606-D00000.png
CA-1281079-C,Diversity receiver ,"Kazuya Hashimoto, Nec Corporation",Kazuya Hashimoto,1985-12-23,1986-12-22,1991-03-05,1991-03-05,https://patents.google.com/patent/CA1281079C/en,
EP-0395340-B1,Method of and apparatus for applying voltage to electrostatic chuck ,Toto Ltd.,"Toshiya Watanabe, Tetsuo Kitabayashi",1989-04-25,1990-04-23,1994-06-15,1994-06-15,https://patents.google.com/patent/EP0395340B1/en,https://patentimages.storage.googleapis.com/f6/8b/69/bb2e5f2d77eb6a/imgf0001.png
JP-2795856-B2,Gabejikorekuta for hypermedia system ,ゼロックスコーポレーション,"ダグラス・ビー・テリー, ダニエル・シー・スイネハート",1987-11-06,1988-11-01,1998-09-10,1998-09-10,https://patents.google.com/patent/JP2795856B2/en,
AU-2005223680-B2,Transportation management system and method for shipment planning optimization ,"Manhattan Associates, Inc.","Kazi Ahmed, Alvatore Arminio, Harsh Desai, Francisco Jauffred, Pervinder Johar, Russell Mcgregor, Mark Pluta, Carl Wilson",2004-03-18,2005-03-18,2011-09-01,2011-09-01,https://patents.google.com/patent/AU2005223680B2/en,
EP-1154302-B1,Eyeglass and its manufacturing method ,Hoya Corporation,"Takashi Hatanaka, Tetsuma Yamakaji",1999-02-12,2000-02-10,2009-08-05,2009-08-05,https://patents.google.com/patent/EP1154302B1/en,https://patentimages.storage.googleapis.com/62/f7/ce/4887bfa9696a55/imgf0001.png
DE-3343180-C2,Patent DE3343180C2 ,"Aisin Seiki K.K., Kariya, Aichi, Jp","Akio Kawasaki Kanagawa Jp Hashimoto, Tomio Kasukabe Saitama Jp Yasuda",1982-11-30,1983-11-29,1988-07-07,1988-07-07,https://patents.google.com/patent/DE3343180C2/en,
US-6809738-B2,Performing memory management operations to provide displays of complex virtual environments ,Vrcontext S.A.,"Alain Yves Nestor Hubrecht, Tom Nuydens",2001-12-21,2001-12-21,2004-10-26,2004-10-26,https://patents.google.com/patent/US6809738B2/en,https://patentimages.storage.googleapis.com/d4/4c/28/3e3e42fbb23942/US06809738-20041026-D00000.png
US-7596022-B2,Method for programming a multi-level non-volatile memory device ,"Samsung Electronics Co., Ltd.","Dong-Hyuk Chae, Dae-Seok Byeon",2006-09-06,2007-08-30,2009-09-29,2009-09-29,https://patents.google.com/patent/US7596022B2/en,https://patentimages.storage.googleapis.com/US7596022B2/US07596022-20090929-D00000.png
US-6144797-A,Intelligent video information management system performing multiple functions in parallel ,Sensormatic Electronics Corporation,"David Ross MacCormack, Charles Park Wilson, Gerhard Josef Winter, Patrick O. Nunally",1996-10-31,1997-09-02,2000-11-07,2000-11-07,https://patents.google.com/patent/US6144797A/en,https://patentimages.storage.googleapis.com/80/ea/24/ce47a10bc681d2/US6144797-drawings-page-2.png
US-4840381-A,Golf ball ,Bridgestone Corporation,"Keisuke Ihara, Yasuhide Alaki, Jun Nomura",1986-03-20,1988-06-10,1989-06-20,1989-06-20,https://patents.google.com/patent/US4840381A/en,https://patentimages.storage.googleapis.com/4d/29/38/cfd3b48986f6d0/US4840381-drawings-page-2.png
CN-1145124-C,Intelligent management system for video frequency information ,传感电子公司,"戴维・R・马克迈克, 戴维·R·马克迈克, 克・O・努纳里, 帕特里克·O·努纳里, ・P・威尔逊, 查尔斯·P·威尔逊, 德・J・温特尔, 哥尔哈德·J·温特尔, E・克莱恩, 哈里·E·克莱恩, T・恩古阳, 威廉·T·恩古阳, -柳, 森·林－柳, 恩古阳, 林恩·恩古阳, 斯・K・奥耶昂, 亚历克斯·K·奥耶昂, 斯・H・帕德森, 小克里斯·H·帕德森, W・史密斯, 戈登·W·史密斯, J・奥斯里, 戴维·J·奥斯里, 圣-舒・王, 舍温·圣－舒·王",1996-10-31,1997-10-01,2004-04-07,2004-04-07,https://patents.google.com/patent/CN1145124C/en,
CN-1173541-C,Voice recognition user interface for telephone handsets ,高通股份有限公司,"S・D・贝什, S·D·贝什, 撬雇呙, 毕宁, 德加科, 张承纯, 凯那基, K·钦那斯瓦米, 炼斯基, A·P·德加科, J·B·凯那基, R·奥帕尔斯基, G·潘",1999-02-08,2000-02-08,2004-10-27,2004-10-27,https://patents.google.com/patent/CN1173541C/en,
US-7961615-B2,Managing hierarchically organized subscriber profiles ,"Fortinet, Inc.","Rajesh I. Balay, Chandramouli Sargor, Sachin S. Desai, Francois Lemarchand, Amit K. Khetawat",2004-11-18,2008-08-30,2011-06-14,2011-06-14,https://patents.google.com/patent/US7961615B2/en,https://patentimages.storage.googleapis.com/e8/22/24/e87d7368428f81/US07961615-20110614-D00000.png
US-7489700-B2,Virtual access router ,"Hitachi Communication Technologies, Ltd.",Minoru Oogushi,2002-11-20,2003-11-19,2009-02-10,2009-02-10,https://patents.google.com/patent/US7489700B2/en,https://patentimages.storage.googleapis.com/US7489700B2/US07489700-20090210-D00000.png
DE-3927164-C2,Patent DE3927164C2 ,"Samsung Electronics Co., Ltd., Suwon, Kr",Kyu An Suwon Kr Lee,1988-08-23,1989-08-17,1991-06-27,1991-06-27,https://patents.google.com/patent/DE3927164C2/en,
US-6687155-B2,Analog storage semiconductor memory that uses plural write voltages and plural read voltages having different voltage levels ,"Oki Electric Industry Co., Ltd.",Makoto Nagasue,2001-01-11,2003-05-09,2004-02-03,2004-02-03,https://patents.google.com/patent/US6687155B2/en,https://patentimages.storage.googleapis.com/87/7d/f3/4a31d524d4dd40/US06687155-20040203-D00000.png
ES-2588917-T3,VME supplement supplemented against meningococcus ,Glaxosmithkline Biologicals Sa,"Mariagrazia Pizza, Rino Rappuoli, Marzia Giuliani",2000-01-17,2001-01-17,2016-11-07,2016-11-07,https://patents.google.com/patent/ES2588917T3/en,
US-9160716-B2,Tunnel interface for securing traffic over a network ,"Fortinet, Inc.","Chih-Tiang Sun, Kiho Yum, Abraham R. Matthews",2000-09-13,2014-11-17,2015-10-13,2015-10-13,https://patents.google.com/patent/US9160716B2/en,https://patentimages.storage.googleapis.com/91/c1/11/c2e4f8a49515bf/US09160716-20151013-D00000.png
US-8045547-B2,Method and apparatus for routing and forwarding between virtual routers within a single network element ,Ericsson Ab,Naiming Shen,2002-07-20,2004-06-30,2011-10-25,2011-10-25,https://patents.google.com/patent/US8045547B2/en,https://patentimages.storage.googleapis.com/dc/0f/ec/33cfac103a5de2/US08045547-20111025-D00000.png
KR-860001434-B1,데이타 처리시 스템 ,"야마모도 다꾸마, 후지쑤 가부시끼가이샤","게이이찌로 우찌다, 히로시 다무가, 데쓰로 오까모도, 시게오 오꾸다니",1980-11-21,1981-11-10,1986-09-24,1986-09-24,https://patents.google.com/patent/KR860001434B1/ko,https://patentimages.storage.googleapis.com/4e/a8/10/6c10b3a56e65cf/kpo00003.png
US-8185658-B2,Supporting virtual private networks using a first network topology for forwarding and a subset of the first network topology or a smaller topology for signaling ,"Juniper Networks, Inc.","Quaizar Vohra, Nischal Sheth",2003-04-21,2010-08-06,2012-05-22,2012-05-22,https://patents.google.com/patent/US8185658B2/en,https://patentimages.storage.googleapis.com/aa/ec/c7/3034363ad5c2d2/US08185658-20120522-D00000.png
RU-2233333-C2,Viral vectors and their application in genetic therapy ,Рон-Пуленк Роре С.А.,"Хеди АДДАДА (TN), Хеди АДДАДА, Бернар КЛОНЖКОВСКИ (FR), Бернар КЛОНЖКОВСКИ, Мишель ПЕРРИКОДЕ (FR), Мишель ПЕРРИКОДЕ, Эмманюэль ВИНЬ (FR), Эмманюэль ВИНЬ",1993-05-18,1994-05-06,2004-07-27,2004-07-27,https://patents.google.com/patent/RU2233333C2/en,https://patentimages.storage.googleapis.com/34/a5/62/3f2e5baf68392b/00000002.png
US-6592873-B1,Polynucleic acids isolated from a porcine reproductive and respiratory syndrome virus (PRRSV) and proteins encoded by the polynucleic acids ,"Iowa State University Research Foundation, Inc., American Cyanamid Company","Prem S. Paul, Xiang-Jin Meng, Patrick Halbur, Igor Morozov, Melissa A. Lum",1992-10-30,1994-09-01,2003-07-15,2003-07-15,https://patents.google.com/patent/US6592873B1/en,https://patentimages.storage.googleapis.com/e5/00/02/005849e03d6f2d/US6592873-drawings-page-5.png
EP-0058676-B1,"Non-a, non-b hepatitis assay and vaccine ",Connaught Laboratories Limited,"Pierre L. J. Coursaget, Phillippe Ch. Maupas",1980-07-09,1981-06-24,1986-10-08,1986-10-08,https://patents.google.com/patent/EP0058676B1/en,
US-7376125-B1,Service processing switch ,"Fortinet, Inc.","Zahid Hussain, Tim Millet",2002-06-04,2002-06-04,2008-05-20,2008-05-20,https://patents.google.com/patent/US7376125B1/en,https://patentimages.storage.googleapis.com/US7376125B1/US07376125-20080520-D00000.png
US-8023454-B2,Apparatus and method for enhanced UM RLC data handling ,Lg Electronics Inc.,"Seung-June Yi, Young-dae Lee, Sung-Duck Chun",2004-04-19,2008-03-26,2011-09-20,2011-09-20,https://patents.google.com/patent/US8023454B2/en,https://patentimages.storage.googleapis.com/14/0e/1b/ec2036faacd194/US08023454-20110920-D00000.png
KR-0138092-B1,미확인(Mystery) 돼지 질병 관련 바이러스제 ,"제임스 씨. 데세사레, 베링거 인겔하임 애니멀 헬쓰, 인코포레이티드","더블유. 클라덱 다니, 이. 고르시카 데이비드, 엘. 하리스 루이스",1991-08-26,1992-08-24,1998-04-30,1998-04-30,https://patents.google.com/patent/KR0138092B1/ko,
US-7539744-B2,Network operating system for maintaining redundant master control blade management information ,"Fortinet, Inc.","Abraham R. Matthews, Anna Berenberg",2000-09-13,2006-11-05,2009-05-26,2009-05-26,https://patents.google.com/patent/US7539744B2/en,https://patentimages.storage.googleapis.com/3d/9e/b9/af65b9f13263bf/US07539744-20090526-D00005.png
DE-3248215-C2,Patent DE3248215C2 ,"Hitachi, Ltd., Tokio/Tokyo, Jp","Shigeo Hachioji Jp Nagashima, Hitoshi Abe, Yasuhiko Hadano Jp Hatakeyama",1981-12-28,1982-12-27,1989-08-24,1989-08-24,https://patents.google.com/patent/DE3248215C2/en,
US-7818452-B2,"Distributed virtual system to support managed, network-based services ","Fortinet, Inc.","Abraham Rabindranath Matthews, Alam Naveed",2000-09-13,2008-06-16,2010-10-19,2010-10-19,https://patents.google.com/patent/US7818452B2/en,https://patentimages.storage.googleapis.com/b7/13/40/7ab44be9cc9ac4/US07818452-20101019-D00000.png
US-7517976-B2,Polynucleic acids isolated from a porcine reproductive and respiratory syndrome virus (PRRSV) ,"Iowa State University Research Foundation, Inc., Wyeth Holding Corporation","Prem S. Paul, Xiang-Jin Meng, Patrick Halbur, Igor Morozov, Melissa A. Lum",1992-10-30,2006-03-08,2009-04-14,2009-04-14,https://patents.google.com/patent/US7517976B2/en,https://patentimages.storage.googleapis.com/US7517976B2/US07517976-20090414-D00001.png
US-10200275-B2,Hardware-accelerated packet multicasting ,"Fortinet, Inc.","Joseph Cheng, Zahid Hussain, Tim Millet",2002-11-18,2016-06-13,2019-02-05,2019-02-05,https://patents.google.com/patent/US10200275B2/en,https://patentimages.storage.googleapis.com/33/14/ba/b5e7298d72064b/US10200275-20190205-D00000.png
EP-2109965-B1,Autonomic network node system ,Groupe Des Ecoles Des Telecommunications (GET) Institut National Des Telecommunications (INT),"Wajdi Louati, Djamal Zeghlache",2007-02-02,2007-02-02,2015-04-08,2015-04-08,https://patents.google.com/patent/EP2109965B1/en,https://patentimages.storage.googleapis.com/2b/a3/ef/ed7d987c2b0ae1/imgf0001.png
US-7177311-B1,System and method for routing traffic through a virtual router-based network switch ,"Fortinet, Inc.","Zahid Hussain, Samir Jain, Naveed Alam, Joseph Cheng, Gregory Lockwood, Tim Millet",2002-06-04,2002-06-04,2007-02-13,2007-02-13,https://patents.google.com/patent/US7177311B1/en,https://patentimages.storage.googleapis.com/US7177311B1/US07177311-20070213-D00000.png
TW-I374356-B,"An integrated circuit apparatus,a method for dynamically reducing power in an integrated circuit,a processor with dynamic power reduction,and a computer system ",Intel Corp,Jose P Allarey,2007-03-29,2008-03-27,2012-10-11,2012-10-11,https://patents.google.com/patent/TWI374356B/en,
KR-100374295-B1,돼지생식및호흡증후군바이러스의생육방법과백신에서그의용도 ,"바이엘 코포레이션, 아이오와 스테이트 유니버시티 리써치 파운데이션, 인크.","토마스샌더슨, 마이클제이.맥진레이, 제프리제이.짐머만, 하워드티.힐, 마이클씨.미츠, 유진씨.퍼틀, 사브리나엘.스웬슨, 죠지피.쉬블레이",1993-02-08,1994-01-26,2003-12-24,2003-12-24,https://patents.google.com/patent/KR100374295B1/ko,
US-8283151-B2,"Isolation, cloning and characterization of new adeno-associated virus (AAV) serotypes ","The United States Of America, As Represented By The Secretary, Department Of Health And Human Services","Michael Schmidt, John A. Chiorini",2005-04-29,2006-05-01,2012-10-09,2012-10-09,https://patents.google.com/patent/US8283151B2/en,https://patentimages.storage.googleapis.com/44/8b/dc/99df4ceea08911/US08283151-20121009-D00001.png
US-8594814-B2,"Systems and methods for immersive interaction with actual and/or simulated facilities for process, environmental and industrial control ","Invensys Systems, Inc.","Maurizio Rovaglio, Tobias Scheele",2008-06-20,2009-06-19,2013-11-26,2013-11-26,https://patents.google.com/patent/US8594814B2/en,https://patentimages.storage.googleapis.com/e9/c9/fb/fca58ab581f0c1/US08594814-20131126-D00000.png
KR-100241221-B1,돼지 불임 및 호흡기계 중후백신 및 그의 진단법 ,"에드워드 콜린스 제임스, 미네소타대학 리전트, 필 에드워드 비, 베링거잉겔하임 베트메디카 인코퍼레이티드, 데이비드 알렌. 벤필드., 사우스 다코타 주립대학","에드워드 콜린스 제임스, 더블유. 클라덱 대니, 엘. 해리스 루이스, 이. 고어시카 데이비드",1991-08-26,1992-08-17,2000-03-02,2000-03-02,https://patents.google.com/patent/KR100241221B1/ko,
US-6359608-B1,Method and apparatus for driving flat screen displays using pixel precharging ,Thomson Lcd,"Hughes Lebrun, Francois Maurice, Eric Sanson, Bruno Mourey",1996-01-11,1997-01-09,2002-03-19,2002-03-19,https://patents.google.com/patent/US6359608B1/en,https://patentimages.storage.googleapis.com/bb/6e/a0/574cf5756c63d8/US6359608-drawings-page-2.png
US-9818225-B2,Synchronizing multiple head-mounted displays to a unified space and correlating movement of objects in the unified space ,Sony Interactive Entertainment Inc.,"Xiaodong Mao, Brian Watson",2014-09-30,2015-09-25,2017-11-14,2017-11-14,https://patents.google.com/patent/US9818225B2/en,https://patentimages.storage.googleapis.com/96/16/bc/c17280edc5435e/US09818225-20171114-D00000.png
US-9310883-B2,Maintaining multiple views on a shared stable virtual space ,Sony Computer Entertainment America Llc,"George Weising, Thomas Miller",2010-03-05,2014-04-23,2016-04-12,2016-04-12,https://patents.google.com/patent/US9310883B2/en,https://patentimages.storage.googleapis.com/b5/40/d8/26fda307003c3b/US09310883-20160412-D00000.png
CA-2062936-C,Polygon fragmentation method of distortion correction in computer image generating systems ,"William Arthur Kelly, Lee Tanya Quick, Edward Mitford Sims, Michael William Tackaberry, Lockheed Martin Corporation, Real 3D, Inc., Intel Corporation, General Electric Company","William Arthur Kelly, Lee Tanya Quick, Edward Mitford Sims, Michael William Tackaberry",1991-04-03,1992-03-12,2002-12-10,2002-12-10,https://patents.google.com/patent/CA2062936C/en,
US-7711820-B2,High availability for intelligent applications in storage networks ,"Cisco Technology, Inc.","Samar Sharma, Rahul Chari, Sanjaya Kumar",2004-11-08,2004-11-08,2010-05-04,2010-05-04,https://patents.google.com/patent/US7711820B2/en,https://patentimages.storage.googleapis.com/US7711820B2/US07711820-20100504-D00000.png
US-8243055-B2,Light-emitting display device ,Canon Kabushiki Kaisha,Katsumi Abe,2006-12-20,2007-12-12,2012-08-14,2012-08-14,https://patents.google.com/patent/US8243055B2/en,https://patentimages.storage.googleapis.com/1c/3c/51/b8ce0df40d4cdc/US08243055-20120814-D00000.png
JP-5738313-B2,Method and apparatus for identifying mounting position of vehicle wheel ,"コンチネンタル オートモーティヴ ゲゼルシャフト ミット ベシュレンクテル ハフツングＣｏｎｔｉｎｅｎｔａｌ Ａｕｔｏｍｏｔｉｖｅ ＧｍｂＨ, コンチネンタル  オートモーティヴ  ゲゼルシャフト  ミット  ベシュレンクテル  ハフツングＣｏｎｔｉｎｅｎｔａｌ  Ａｕｔｏｍｏｔｉｖｅ  ＧｍｂＨ","フィンク アレクサンダー, フィンク アレクサンダー",2009-12-21,2010-12-09,2015-06-24,2015-06-24,https://patents.google.com/patent/JP5738313B2/en,https://patentimages.storage.googleapis.com/10/0f/46/b0105dda808ae8/0005738313-3.png
US-4794538-A,"Method to control the operation of wheels of a vehicle to prevent slipping or skidding, and brake locking ",Robert Bosch Gmbh,"Chi-Thuan Cao, Helmut Janetzke, Alfred Schulz, Harald Michi",1985-10-08,1986-10-06,1988-12-27,1988-12-27,https://patents.google.com/patent/US4794538A/en,https://patentimages.storage.googleapis.com/2b/f1/d3/7c40dfadabf91d/US4794538-drawings-page-2.png
EP-1129917-B1,Motion control system for vehicle ,Fuji Jukogyo Kabushiki Kaisha,Koji Matsuno,2000-03-03,2001-03-02,2014-05-07,2014-05-07,https://patents.google.com/patent/EP1129917B1/en,https://patentimages.storage.googleapis.com/0b/db/c3/15be54c8980c9e/imgf0001.png
US-4590265-A,Carboxylated cellulose ester and manufacture thereof ,Eastman Kodak Company,"Richard T. Bogan, Chung-Ming Kuo",1984-02-17,1985-04-18,1986-05-20,1986-05-20,https://patents.google.com/patent/US4590265A/en,https://patentimages.storage.googleapis.com/54/f5/4a/6d1349367d11fd/US4590265-drawings-page-2.png
US-4715662-A,Method for determining an optimal slip value ,Robert Bosch Gmbh,"Anton van Zanten, Gerhard Heess",1983-12-16,1984-12-15,1987-12-29,1987-12-29,https://patents.google.com/patent/US4715662A/en,https://patentimages.storage.googleapis.com/6e/e4/19/0a4153ed56c5ae/US4715662-drawings-page-2.png
JP-3314686-B2,Vehicle shortest stopping distance prediction method and a vehicle shortest stopping distance predicting device ,トヨタ自動車株式会社,幸治 冨田,1997-09-18,1997-09-18,2002-08-12,2002-08-12,https://patents.google.com/patent/JP3314686B2/en,
US-5355118-A,Vehicle collision alert system ,"Nissan Motor Co., Ltd.",Hiroshige Fukuhara,1991-07-11,1992-07-10,1994-10-11,1994-10-11,https://patents.google.com/patent/US5355118A/en,https://patentimages.storage.googleapis.com/ee/31/92/7482b1653350ff/US5355118-drawings-page-2.png
US-6523911-B1,Method and device for stabilizing a vehicle ,Robert Bosch Gmbh,"Peter Rupp, Andreas Zoebele",1999-06-30,2000-06-27,2003-02-25,2003-02-25,https://patents.google.com/patent/US6523911B1/en,https://patentimages.storage.googleapis.com/1b/25/c6/f52fb40592e97f/US06523911-20030225-D00000.png
CA-1248160-A,Method and device for controlling the distribution of brake force ,Hans-Christof Klein,Hans-Christof Klein,1983-01-21,1984-01-20,1989-01-03,1989-01-03,https://patents.google.com/patent/CA1248160A/en,
US-6122585-A,"Anti-lock braking system based on an estimated gradient of friction torque, method of determining a starting point for anti-lock brake control, and wheel-behavior-quantity servo control means equipped with limit determination means ",Kabushiki Kaisha Toyota Chuo Kenkyusho,"Eiichi Ono, Katsuhiro Asano, Takaji Umeno, Hiroyuki Yamaguchi, Masaru Sugai",1996-08-20,1997-08-13,2000-09-19,2000-09-19,https://patents.google.com/patent/US6122585A/en,https://patentimages.storage.googleapis.com/5c/70/6a/c6af869e105c21/US6122585-drawings-page-2.png
US-6675640-B2,"Axle end wheel sensor for a vehicle, such as a truck or a trailer ",Wabash Technology Corporation,"Donald J. Ehrlich, Rodney P. Ehrlich, Gerard O. McCann, James B. Brown, Jr.",1999-12-22,2000-12-21,2004-01-13,2004-01-13,https://patents.google.com/patent/US6675640B2/en,https://patentimages.storage.googleapis.com/98/02/74/008d475017b8da/US06675640-20040113-D00000.png
US-5455770-A,Vehicle movement dynamics control system ,Robert Bosch Gmbh,"Ralf Hadeler, Rolf-Hermann Mergenthaler, Andreas Erban, Gerhard Heess",1993-02-19,1994-02-18,1995-10-03,1995-10-03,https://patents.google.com/patent/US5455770A/en,https://patentimages.storage.googleapis.com/8f/3f/06/4aeeda098e923b/US5455770-drawings-page-2.png
CN-100380047-C,"Recycling system for waste, waste processing plant and method of recycling waste ",E.E.R.环境能源(以色列)有限公司,"A·苏里斯, D·费加滋, V·G·格内登科",2002-02-18,2003-02-16,2008-04-09,2008-04-09,https://patents.google.com/patent/CN100380047C/en,
EP-0576044-B1,A yaw motion control device for a vehicle ,Honda Giken Kogyo Kabushiki Kaisha,"Shuji C/O Kabushiki Kaisha Honda Shiraishi, Hironobu C/O Kabushiki Kaisha Honda Kiryu",1987-03-09,1988-03-09,1996-11-06,1996-11-06,https://patents.google.com/patent/EP0576044B1/en,https://patentimages.storage.googleapis.com/b2/92/c9/ff1b65a4cdfddb/imgf0001.png
DE-60113216-T2,Driving force control device ,"Nissan Motor Co., Ltd., Yokohama","Keiji Akishima-shi Kadota, Kouichi Sagamihara-shi Shimizu",2000-11-14,2001-11-09,2006-02-23,2006-02-23,https://patents.google.com/patent/DE60113216T2/en,
US-5015918-A,Bicycle single-wire lighting system with steady-flashing-reflector rear warning device ,John Copeland,John Copeland,1988-07-22,1989-08-31,1991-05-14,1991-05-14,https://patents.google.com/patent/US5015918A/en,https://patentimages.storage.googleapis.com/5f/00/2b/be82087b978b13/US5015918-drawings-page-2.png
US-7649331-B2,Mobile robot ,"Hitachi, Ltd.","Yuji Hosoda, Saku Egawa, Junichi Tamamoto, Ryosuke Nakamura, Toshihiko Horiuchi",2004-11-11,2005-11-10,2010-01-19,2010-01-19,https://patents.google.com/patent/US7649331B2/en,
CA-1139395-A,Meter rotor rotation optical sensor ,"Rockwell International Corporation, Robert J. Hoss",Robert J. Hoss,1978-10-23,1979-08-28,1983-01-11,1983-01-11,https://patents.google.com/patent/CA1139395A/en,
US-6950014-B2,Method for operating a pre-crash sensing system in a vehicle having external airbags ,Ford Global Technologies Llc,"Manoharprasad K. Rao, Gary Steven Strumoto, Kwaku O. Prakah-Asante, Saeed David Barbat, Peter J. Schuster",2002-02-13,2003-08-18,2005-09-27,2005-09-27,https://patents.google.com/patent/US6950014B2/en,https://patentimages.storage.googleapis.com/66/af/18/0e005452428b91/US06950014-20050927-D00000.png
US-7885750-B2,"Integrated control system for stability control of yaw, roll and lateral motion of a driving vehicle using an integrated sensing system to determine a sideslip angle ",Ford Global Technologies,Jianbo Lu,2006-08-30,2006-08-30,2011-02-08,2011-02-08,https://patents.google.com/patent/US7885750B2/en,https://patentimages.storage.googleapis.com/43/cd/47/0330abdc1b8aec/US07885750-20110208-D00000.png
US-5531110-A,Method and apparatus for estimating disturbance acting on vehicle tired wheel based on wheel angular velocity and equation of state ,"Toyota Jidosha Kabushiki Kaisha, Kabushiki Kaisha Toyota Chuo Kenkyusho","Hideki Ohashi, Hiroyuki Kawai, Hiroyoshi Kojima, Nobuo Hiraiwa, Katsuhiro Asano, Takaji Umeno, Toshimichi Takahashi",1993-07-30,1994-07-25,1996-07-02,1996-07-02,https://patents.google.com/patent/US5531110A/en,https://patentimages.storage.googleapis.com/5e/cd/3a/07f860feaf71fa/US5531110-drawings-page-2.png
US-4216367-A,Wireless remote control for electric welder ,Miller Electric Manufacturing Company,Robert L. Risberg,1978-04-18,1978-04-18,1980-08-05,1980-08-05,https://patents.google.com/patent/US4216367A/en,https://patentimages.storage.googleapis.com/78/14/af/6f41e00a8e72c8/US4216367-drawings-page-2.png
US-7009500-B2,Method for operating a pre-crash sensing system in a vehicle having a countermeasure system using stereo cameras ,"Ford Global Technologies, Llc","Manoharprasad K. Rao, Kwaku O. Prakah-Asante, Gary Steven Strumolo",2002-02-13,2002-02-13,2006-03-07,2006-03-07,https://patents.google.com/patent/US7009500B2/en,https://patentimages.storage.googleapis.com/US7009500B2/US07009500-20060307-D00000.png
EP-1721800-B1,"Driver condition detecting device, in-vehicle alarm system and drive assistance system ",Denso Corporation,"Kazuyoshi Isaji, Naohiko Tsuru",2005-05-12,2006-05-02,2009-10-21,2009-10-21,https://patents.google.com/patent/EP1721800B1/en,https://patentimages.storage.googleapis.com/78/f9/6e/17fd02e6857643/imgf0001.png
US-4875172-A,Locomotion-command method for mobile robots ,"Yutaka Kanayama, Glory Kogyo Kabushiki Kaisha",Yutaka Kanayama,1984-09-28,1988-08-19,1989-10-17,1989-10-17,https://patents.google.com/patent/US4875172A/en,https://patentimages.storage.googleapis.com/ca/78/a1/055d8d97b60a53/US4875172-drawings-page-2.png
JP-2932589-B2,Vehicle motion control device ,アイシン精機株式会社,"シー  カーノップ ディーン, 由行 安井",1989-03-31,1990-03-30,1999-08-09,1999-08-09,https://patents.google.com/patent/JP2932589B2/en,
CA-2225137-C,Iridium catalysed carbonylation process for the production of acetic acid ,"Bp Chemicals Limited, Evert Jan Ditzel, John Glenn Sunley, Robert John Watt","Evert Jan Ditzel, John Glenn Sunley, Robert John Watt",1996-12-19,1997-12-18,2008-05-20,2008-05-20,https://patents.google.com/patent/CA2225137C/en,
US-5270930-A,Four wheel driving vehicle of a front/rear wheel differential operation limiting type ,Mitsubishi Jidosha Kogyo Kabushiki Kaisha,"Masayoshi Ito, Kaoru Sawase, Kenichiro Shinada, Yoshihito Ito, Keiji Suzuki, Shunzo Tanaka",1990-11-30,1991-11-27,1993-12-14,1993-12-14,https://patents.google.com/patent/US5270930A/en,https://patentimages.storage.googleapis.com/b7/f2/e7/0bf334d6229546/US5270930-drawings-page-2.png
EP-1037768-B1,System for controlling the displacement of a motor vehicle ,Robert Bosch Gmbh,"Jost Brachert, Jens Fiedler, Reiner Folke, Albrecht Irion, Rolf Maier-Landgrebe, Michael Schubert, Asmus Volkart",1998-08-24,1999-05-20,2005-04-27,2005-04-27,https://patents.google.com/patent/EP1037768B1/en,https://patentimages.storage.googleapis.com/2c/29/e8/8e0bb7213770b0/00460001.png
US-5788281-A,Vehicle occupant restraint system ,Takata Corporation,"Eiji Yanagi, Hiroaki Fujii, Kenji Kitazawa",1995-09-08,1996-09-06,1998-08-04,1998-08-04,https://patents.google.com/patent/US5788281A/en,https://patentimages.storage.googleapis.com/d1/70/5c/d9b2fe3fdbb203/US5788281-drawings-page-2.png
US-4849891-A,Device for propulsion control for a motor vehicle with all-wheel drive ,Daimler-Benz Aktiengesellschaft,"Hellmut Krohn, Jurgen Frank",1986-04-11,1987-04-08,1989-07-18,1989-07-18,https://patents.google.com/patent/US4849891A/en,https://patentimages.storage.googleapis.com/67/90/44/ce3518c7ca4de3/US4849891-drawings-page-2.png
US-4468112-A,Developer concentration controlling device ,Canon Kabushiki Kaisha,"Akio Suzuki, Kazuhiro Hirayama",1981-02-18,1982-02-11,1984-08-28,1984-08-28,https://patents.google.com/patent/US4468112A/en,https://patentimages.storage.googleapis.com/de/ed/0a/d4ccf4fdd65d2b/US4468112-drawings-page-2.png
EP-1323603-B1,Automatic brake system of wheeled motor vehicle ,"Nissan Motor Company, Limited","Takayuki Watanabe, Katsunori Yamada",2001-12-11,2002-11-19,2006-03-08,2006-03-08,https://patents.google.com/patent/EP1323603B1/en,https://patentimages.storage.googleapis.com/ab/98/3d/959ecd1a44805b/imgf0001.png
US-5958638-A,Electrophotographic photoconductor and method of producing same ,Sharp Kabushiki Kaisha,"Satoshi Katayama, Takahiro Teramoto, Kiyofumi Morimoto, Satoshi Machino, Tatsuhiro Morita, Tomoko Kanazawa",1997-06-23,1998-06-18,1999-09-28,1999-09-28,https://patents.google.com/patent/US5958638A/en,https://patentimages.storage.googleapis.com/49/47/92/974ceb4c1ef5aa/US5958638-drawings-page-2.png
US-4301459-A,Ink ejection apparatus comprising entrained air removal means ,"Ricoh Company, Ltd.","Takuro Isayama, Hiromichi Komai, Hiroshi Yamazaki, Tsutomu Sato",1978-11-16,1979-10-29,1981-11-17,1981-11-17,https://patents.google.com/patent/US4301459A/en,https://patentimages.storage.googleapis.com/a6/9b/c2/25f88dda7f3851/US4301459-drawings-page-2.png
US-5586028-A,Road surface condition-detecting system and anti-lock brake system employing same ,Honda Giken Kogyo Kabushiki Kaisha,"Hiroshi Sekine, Shintaro Yokoyama, Ichiro Harada, Nobuyoshi Asanuma, Yorihisa Yamamoto, Yutaka Horiuchi, Shohei Matsuda, Makoto Otabe, Atsushi Itakagi, Hideki Kubonoya",1993-12-07,1994-12-06,1996-12-17,1996-12-17,https://patents.google.com/patent/US5586028A/en,https://patentimages.storage.googleapis.com/6c/1e/d2/d6f2ca821f66be/US5586028-drawings-page-2.png
US-5197562-A,Vehicle cruising control device ,Aisin Seiki K.K.,"Toshiaki Kakinami, Takashi Hida, Jun Sato, Mitsuyoshi Saiki",1990-04-28,1991-04-29,1993-03-30,1993-03-30,https://patents.google.com/patent/US5197562A/en,https://patentimages.storage.googleapis.com/59/37/75/00ccc454d1e905/US5197562-drawings-page-2.png
CA-1111972-A,Control system using time division multiplexing ,Charles E. Moreland,Charles E. Moreland,1977-12-07,1978-10-31,1981-11-03,1981-11-03,https://patents.google.com/patent/CA1111972A/en,
DE-4229626-C2,Control system to comply with the direction of travel for a self-propelled vehicle ,Fuji Heavy Ind Ltd,Hazime Aoyama,1991-09-07,1992-09-04,1995-06-14,1995-06-14,https://patents.google.com/patent/DE4229626C2/en,
EP-1574400-B1,Method for actuating a reversible occupant protection system in a motor vehicle ,DaimlerChrysler AG,"Walter Eberle, Wolfgang Hinrichs, Rainer Justen, Bernd Mammel, Hans RÖHM, Guido Villino, Markus Woldrich",2001-05-02,2002-04-10,2006-06-21,2006-06-21,https://patents.google.com/patent/EP1574400B1/en,https://patentimages.storage.googleapis.com/41/8b/9b/cdf299c268cd38/imgf0001.png
ES-2221998-T3,Membrane catalytic reactor with a three-dimensional catalyst in the oxidation area. ,"Eltron Research, Inc.","Anthony F. Sammells, Michael Schwartz, James H. White",1997-10-29,1998-10-29,2005-01-16,2005-01-16,https://patents.google.com/patent/ES2221998T3/en,
JP-4169065-B2,Vehicle control device ,株式会社デンソー,"和美 伊佐治, 直彦 津留",2006-02-13,2006-08-24,2008-10-22,2008-10-22,https://patents.google.com/patent/JP4169065B2/en,https://patentimages.storage.googleapis.com/7b/fa/f0/38e626ac0de70b/0004169065-2.png
CA-2209704-C,Printable heat transfer material having cold release properties ,"Kimberly-Clark Worldwide, Inc., Francis Joseph Kronzer, Kimberly-Clark Corporation, Neenah Paper, Inc.",Francis Joseph Kronzer,1996-07-23,1997-07-11,2005-03-22,2005-03-22,https://patents.google.com/patent/CA2209704C/en,
US-5936549-A,Obstacle detecting apparatus and vehicle occupant protecting device using the same ,Toyota Jidosha Kabushiki Kaisha,Jiro Tsuchiya,1996-06-11,1997-06-10,1999-08-10,1999-08-10,https://patents.google.com/patent/US5936549A/en,https://patentimages.storage.googleapis.com/4d/b2/09/33f40350cea88e/US5936549-drawings-page-2.png
EP-0577890-B1,A liquid delivery system with vapour recovery ,Gilbarco Inc.,"Hal C. Hartsell, Kenneth L. Pope",1990-12-11,1992-07-08,1995-04-26,1995-04-26,https://patents.google.com/patent/EP0577890B1/en,https://patentimages.storage.googleapis.com/af/79/a6/a1936461952d0d/imgf0001.png
US-6349782-B1,Front-and-rear wheel drive vehicle ,Honda Giken Kogyo Kabushiki Kaisha,"Shigenobu Sekiya, Takashi Kuribayashi",1999-05-12,2000-05-11,2002-02-26,2002-02-26,https://patents.google.com/patent/US6349782B1/en,https://patentimages.storage.googleapis.com/d2/65/bf/6a967046a31017/US06349782-20020226-D00000.png
EP-0729881-B1,Motorized bicycle ,Sanyo Electric Co. Ltd,"Toshihiro Matsumoto, Tatsuaki Tanaka, Toshihiro Suhara",1995-02-28,1996-02-28,2001-12-12,2001-12-12,https://patents.google.com/patent/EP0729881B1/en,https://patentimages.storage.googleapis.com/d3/97/a1/4956f5fc1cd18c/00690001.png
JP-5187307-B2,Vehicle driving support device and vehicle driving support method ,日産自動車株式会社,"崇之 近藤, 智弘 山村, 伸友 久家, 康彦 高江, 賢二 小森",2007-07-24,2007-07-24,2013-04-24,2013-04-24,https://patents.google.com/patent/JP5187307B2/en,https://patentimages.storage.googleapis.com/18/97/6e/c5df3e16ff6b26/0005187307-24.png
US-5793189-A,Apparatus for preventing over-discharge of batteries used in an electric vehicle ,Honda Giken Kogyo Kabushiki Kaisha,"Kenji Kawaguchi, Masayuki Toriyama, Hiroshi Tanaka, Masahide Yokoo",1995-06-14,1996-06-14,1998-08-11,1998-08-11,https://patents.google.com/patent/US5793189A/en,https://patentimages.storage.googleapis.com/a9/e2/3e/27b639116aaba1/US5793189-drawings-page-2.png
EP-0273976-B1,Guiding apparatus for unmanned movable bodies ,Kabushiki Kaisha Komatsu Seisakusho,"Toru Suzuki, Atsuhiko Kato, Mitsuo Hosoi, Ichiro Nakano",1986-05-21,1987-05-21,1993-08-11,1993-08-11,https://patents.google.com/patent/EP0273976B1/en,https://patentimages.storage.googleapis.com/6f/0c/e3/2405c22a83f1e4/imgf0001.png
DE-4030724-B4,Anti-lock control system ,Robert Bosch Gmbh,"Gerd Dipl.-Ing. Busch, Thomas Dipl.-Ing. Ehret, Rainer Dipl.-Ing. Erhardt, Uwe Dipl.-Ing. Hartmann, Friedrich Dipl.-Ing. Kost, Wolf-Dieter Dipl.-Ing. Ruf, Karl-Josef Dipl.-Ing. Weiß, Jürgen Dipl.-Ing. Wietelmann, Anton van Dr.-Ing. Zanten",1990-09-28,1990-09-28,2005-05-04,2005-05-04,https://patents.google.com/patent/DE4030724B4/en,
BE-1009406-A3,Method of control methods for synthetic chemicals. ,Solvay,,1995-06-09,1995-06-09,1997-03-04,1997-03-04,https://patents.google.com/patent/BE1009406A3/en,
CA-2228610-C,Controlled release products ,"Heidi Rolfes, Thilo Lothar Van Der Merwe, Patricia-Ann Truter, Csir","Heidi Rolfes, Thilo Lothar Van Der Merwe, Patricia-Ann Truter",1995-08-17,1996-08-16,2008-06-03,2008-06-03,https://patents.google.com/patent/CA2228610C/en,
US-4739856-A,Wheel slip control system for a vehicle ,Toyota Jidosha Kabushiki Kaisha,"Takafumi Inagaki, Kazumasa Nakamura, Isao Yoshikawa",1985-12-28,1986-12-01,1988-04-26,1988-04-26,https://patents.google.com/patent/US4739856A/en,https://patentimages.storage.googleapis.com/01/3f/ac/5f151c3a1fe5fe/US4739856-drawings-page-2.png
US-5627756-A,Device for controlling turn behavior of vehicle ,Toyota Jidosha Kabushiki Kaisha,"Yoshiki Fukada, Shoji Inagaki",1994-07-28,1995-06-02,1997-05-06,1997-05-06,https://patents.google.com/patent/US5627756A/en,https://patentimages.storage.googleapis.com/80/1d/df/b358c441b3397f/US5627756-drawings-page-2.png
US-5489496-A,Electrophotographic photoconductor and a method for forming the same ,Sharp Kabushiki Kaisha,"Satoshi Katayama, Satoshi Nishigaki, Kazuhiro Emoto, Hiroshi Sugimura, Kazushige Morita, Yoshimi Kojima, Yoshimasa Fujita",1993-07-20,1994-07-19,1996-02-06,1996-02-06,https://patents.google.com/patent/US5489496A/en,https://patentimages.storage.googleapis.com/c9/7c/97/a5c43e4e2df35a/US5489496-drawings-page-2.png
JP-3908809-B2,Electrically operated wheel brakes for vehicles ,ロベルト・ボッシュ・ゲゼルシャフト・ミト・ベシュレンクテル・ハフツングＲｏｂｅｒｔ  Ｂｏｓｃｈ  Ｇｍｂｈ,ヴォルフガング・マイシュ,1995-10-07,1996-10-03,2007-04-25,2007-04-25,https://patents.google.com/patent/JP3908809B2/en,https://patentimages.storage.googleapis.com/a4/e4/2e/3faf609e4fe914/0003908809-2.png
US-4465370-A,Light measuring device ,Minolta Camera Kabushiki Kaisha,"Yoshio Yuasa, Nobukazu Kawagoe",1980-07-01,1981-06-30,1984-08-14,1984-08-14,https://patents.google.com/patent/US4465370A/en,https://patentimages.storage.googleapis.com/92/c2/b4/e8a63f6e0281f5/US4465370-drawings-page-2.png
US-4490410-A,Method of affixing a decorative pattern to a stock or a molded component ,"Showa Highpolymer Co., Ltd.","Eiichiro Takiyama, Toshikazu Tsukui, deceased, Katsuhisa Morita, Seiichi Takano",1983-05-20,1983-05-20,1984-12-25,1984-12-25,https://patents.google.com/patent/US4490410A/en,https://patentimages.storage.googleapis.com/0f/eb/9d/6d3790eb93c986/US4490410-drawings-page-2.png
JP-3058172-B2,Vehicle motion control device ,アイシン精機株式会社,"シー  カーノップ ディーン, 由行 安井",1988-06-15,1989-06-15,2000-07-04,2000-07-04,https://patents.google.com/patent/JP3058172B2/en,
US-4985838-A,Traction control apparatus ,Mitsubishi Jidosha Kogyo Kabushiki Kaisha,"Masayuki Hashiguchi, Kiichi Yamada, Masayoshi Ito, Atsuhiro Kawano, Susumu Nishikawa, Takeshi Funakoshi, Shuji Ikeda",1988-04-20,1989-04-18,1991-01-15,1991-01-15,https://patents.google.com/patent/US4985838A/en,https://patentimages.storage.googleapis.com/9a/5e/60/d8850122c0d5bf/US4985838-drawings-page-2.png
US-6229467-B1,Correction static errors in a/d-converter ,Telefonaktiebolaget Lm Ericsson (Publ),"Jan-Erik Eklund, Mikael Rudberg",1999-05-28,2000-05-30,2001-05-08,2001-05-08,https://patents.google.com/patent/US6229467B1/en,https://patentimages.storage.googleapis.com/a2/55/b1/587eb1217b9606/US06229467-20010508-D00000.png
US-7006917-B2,Driving assist system for vehicle ,"Nissan Motor Co., Ltd.",Shunsuke Hijikata,2002-12-06,2003-10-14,2006-02-28,2006-02-28,https://patents.google.com/patent/US7006917B2/en,https://patentimages.storage.googleapis.com/c0/d3/1c/6e487563ae71a9/US07006917-20060228-D00002.png
KR-930001124-B1,Multi-axis bevel and hypoid gear generating machinen ,"랄프 이.하퍼, 더 글리슨 워크스","씨어도어 제이. 크렌저, 언스트 제이. 헝클러",1987-08-24,1987-08-24,1993-02-18,1993-02-18,https://patents.google.com/patent/KR930001124B1/en,https://patentimages.storage.googleapis.com/dc/f1/2c/94badce29423c0/kpo00011.png
JP-3646605-B2,The vehicle running control system ,株式会社日立製作所,"倉垣　　智, 裕人 森實, 寛 武長",2000-02-23,2000-02-23,2005-05-11,2005-05-11,https://patents.google.com/patent/JP3646605B2/en,https://patentimages.storage.googleapis.com/a8/cc/8a/756b6c0f4c2778/0003646605-4.png
JP-2581758-B2,Circuitry for use in the vehicle brake system ,アルフレツド・テヴエス・ゲーエムベーハー,ベルンハルト・ギールス,1987-06-02,1988-05-31,1997-02-12,1997-02-12,https://patents.google.com/patent/JP2581758B2/en,
EP-1557331-B1,Downhill speed controller ,"Hitachi Construction Machinery Co., Ltd","Yutaka c/o Hitachi Construction Machinery Co. Ltd. WATANABE, Hiroshi c/o Hitachi Construction Machinery Co. Ltd. WATANABE, Yasushi c/o Hitachi Construction Machinery Co. Ltd. TOKUDA",2002-10-28,2003-10-10,2011-02-23,2011-02-23,https://patents.google.com/patent/EP1557331B1/en,https://patentimages.storage.googleapis.com/46/bd/1a/557fa5bee7eeeb/imgf0001.png
US-6044321-A,Intelligent cruise control system for moving body ,"Hitachi, Ltd.","Mitsuru Nakamura, Kazuhiko Hanawa, Kazuo Matsuura, Satoru Kuragaki",1996-06-07,1997-06-09,2000-03-28,2000-03-28,https://patents.google.com/patent/US6044321A/en,https://patentimages.storage.googleapis.com/c6/75/4c/41e327bee4a8a2/US6044321-drawings-page-15.png
ES-2340356-T3,Procedure and device for stabilizing a vehicle. ,Robert Bosch Gmbh,"Peter Rupp, Andreas Zoebele",1999-06-30,2000-06-27,2010-06-02,2010-06-02,https://patents.google.com/patent/ES2340356T3/en,
EP-0043660-B1,Clutch control system ,Automotive Products Public Limited Company,Harry Mellows Windsor,1980-07-08,1981-06-18,1986-04-23,1986-04-23,https://patents.google.com/patent/EP0043660B1/en,https://patentimages.storage.googleapis.com/36/d1/5a/5a508c5301f28f/imgf0001.png
EP-1888896-B1,Motor vehicle and control method of motor vehicle ,Toyota Jidosha Kabushiki Kaisha,"Koichi Okuda, Mitsuhiro Tabata, Hiroshi Sato",2005-06-01,2006-05-31,2013-04-17,2013-04-17,https://patents.google.com/patent/EP1888896B1/en,https://patentimages.storage.googleapis.com/ee/70/ec/882c3bdfb9d51d/imgf0001.png
US-6085860-A,Method and apparatus for operating a steering system for a motor vehicle ,Robert Bosch Gmbh,"Matthias Hackl, Wolfgang Kraemer",1997-03-22,1998-03-20,2000-07-11,2000-07-11,https://patents.google.com/patent/US6085860A/en,https://patentimages.storage.googleapis.com/6d/3f/44/bb01c613c2c2a9/US6085860-drawings-page-2.png
US-4967231-A,Apparatus for forming an electrophotographic latent image ,"Kabushiki Kaisha Toshiba, Electric Co., Ltd.","Masahiro Hosoya, Shuitsu Sato, Mitsunaga Saito, Tsutomu Uehara, Mitsuharu Endo, Yukio Futamata",1987-12-29,1988-12-27,1990-10-30,1990-10-30,https://patents.google.com/patent/US4967231A/en,https://patentimages.storage.googleapis.com/04/b3/36/55576389e46785/US4967231-drawings-page-2.png
EP-0847895-B1,Apparatus for automatically adjusting aiming of headlights of an automotive vehicle ,"Denso Corporation, Toyota Jidosha Kabushiki Kaisha","Ryoji Kawakami, Ryosuke Naito, Kenichi Denso Corporation Nishimura, Hiroaki Denso Corporation Okuchi, Takanori Ota, Yuji Yamada",1996-12-13,1997-12-11,2001-08-01,2001-08-01,https://patents.google.com/patent/EP0847895B1/en,https://patentimages.storage.googleapis.com/a8/70/94/8e0d00e97833f1/01040001.png
US-6200716-B1,Photoreceptor with poly (vinylbenzyl alcohol) ,Xerox Corporation,"Timothy J. Fuller, Huoy-Jen Yuh, John S. Chambers, Harold F. Hammond, Damodar M. Pai, John F. Yanus, Markus R. Silvestri, Helen R. Cherniack",1999-11-15,1999-11-15,2001-03-13,2001-03-13,https://patents.google.com/patent/US6200716B1/en,https://patentimages.storage.googleapis.com/43/92/11/1681ad7fc465b7/US6200716-drawings-page-2.png
US-6452533-B1,Vehicle periphery monitoring device ,Mitsubishi Denki Kabushiki Kaisha,"Hiroshi Yamabuchi, Katsuji Matsuoka, Katsuhisa Kodama",1999-11-16,2000-02-14,2002-09-17,2002-09-17,https://patents.google.com/patent/US6452533B1/en,https://patentimages.storage.googleapis.com/ef/b0/bf/07298021f9a4d2/US06452533-20020917-D00000.png
US-5456641-A,Left/right drive torque adjusting apparatus for vehicle and left/right drive torque adjusting method for vehicle ,Mitsubishi Jidosha Kogyo Kabushiki Kaisha,Kaoru Sawase,1992-06-15,1993-06-15,1995-10-10,1995-10-10,https://patents.google.com/patent/US5456641A/en,https://patentimages.storage.googleapis.com/d3/63/f2/cc8ed460dd8e8a/US5456641-drawings-page-2.png
CA-1237471-A,Control system for an electronically commuted motor used in a laundering apparatus and method of operating ,"Glen C. Young, General Electric Company",Glen C. Young,1983-12-13,1984-12-07,1988-05-31,1988-05-31,https://patents.google.com/patent/CA1237471A/en,
US-5648903-A,Four wheel steering control utilizing front/rear tire longitudinal slip difference ,"Ford Global Technologies, Inc.",Michael Kenneth Liubakka,1995-07-10,1995-07-10,1997-07-15,1997-07-15,https://patents.google.com/patent/US5648903A/en,https://patentimages.storage.googleapis.com/6d/e1/1b/761aa035c72b26/US5648903-drawings-page-2.png
US-5978731-A,Vehicle control system ,Honda Giken Kogyo Kabushiki Kaisha,Shohei Matsuda,1996-11-12,1997-11-10,1999-11-02,1999-11-02,https://patents.google.com/patent/US5978731A/en,https://patentimages.storage.googleapis.com/36/11/5d/859c68701ce84e/US5978731-drawings-page-2.png
US-5737714-A,Traction control system for fourwheel drive vehicle ,Fuji Jukogyo Kabushiki Kaisha,"Koji Matsuno, Saiichiro Oshita",1995-01-31,1996-01-17,1998-04-07,1998-04-07,https://patents.google.com/patent/US5737714A/en,https://patentimages.storage.googleapis.com/8c/da/09/07d26121d324e4/US5737714-drawings-page-2.png
US-6668225-B2,Trailer control system ,"Visteon Global Technologies, Inc.","PahngRoc Oh, Scott Funke, Kevin J. Pavlov",2000-11-29,2001-11-16,2003-12-23,2003-12-23,https://patents.google.com/patent/US6668225B2/en,https://patentimages.storage.googleapis.com/e5/75/8e/de3455419e6981/US06668225-20031223-D00000.png
US-6889140-B2,Collision avoidance control system for vehicle ,Denso Corporation,"Akira Isogai, Eiji Teramura, Takao Nishimura",2003-02-27,2004-02-26,2005-05-03,2005-05-03,https://patents.google.com/patent/US6889140B2/en,https://patentimages.storage.googleapis.com/4c/d5/f4/658801c94b4e75/US06889140-20050503-D00000.png
US-4310890-A,Parking system ,"Trehn Karl B, Swahn Nils H","Karl B. Trehn, Nils H. Swahn",1978-05-25,1979-05-22,1982-01-12,1982-01-12,https://patents.google.com/patent/US4310890A/en,https://patentimages.storage.googleapis.com/34/f9/e8/48acb49667491f/US4310890-drawings-page-2.png
US-3886810-A,Hybrid power system ,Nissan Motor,"Hiroshi Sugiyama, Toshio Hirota, Jun Kakei, Yoshiji Kabasawa",1972-09-22,1973-09-21,1975-06-03,1975-06-03,https://patents.google.com/patent/US3886810A/en,https://patentimages.storage.googleapis.com/2f/34/b4/1509545d49e8b2/US3886810-drawings-page-2.png
KR-100257033-B1,Method of and apparatus for production of three-dimensional objects by stereolithography with reduced curl ,"찰스 윌리엄 헐, 3디 시스템즈 인코오퍼레이티드","윌리암 헐 찰스, 티. 스펜스 스튜어트, 더블유. 루이스 찰스, 비. 빈슨 웨인, 에스. 프리드 웨인, 롤레틀 스맬리 데니스",1988-04-18,1989-04-17,2000-06-01,2000-06-01,https://patents.google.com/patent/KR100257033B1/en,https://patentimages.storage.googleapis.com/da/2f/43/88e80ec4dc9829/kpo00011.png
CA-2076266-C,Battery charger with thermal runaway protection ,"Charles Edward Harm, Kenneth John Timm, American Telephone And Telegraph Company","Charles Edward Harm, Kenneth John Timm",1991-09-13,1992-08-17,1997-02-11,1997-02-11,https://patents.google.com/patent/CA2076266C/en,
JP-2787710-B2,Signal compensation unit of the photoelectric conversion device ,株式会社ニコン,省三 山野,1989-06-07,1989-06-07,1998-08-20,1998-08-20,https://patents.google.com/patent/JP2787710B2/en,
EP-0299573-B1,"System for recording and/or reading an information signal, record carrier and recording and/or read apparatus for use in such a system, and method of and apparatus for manufacturing such a record carrier ",Philips Electronics N.V.,Johan Martien Rijnsburger,1987-07-10,1988-07-08,1993-10-27,1993-10-27,https://patents.google.com/patent/EP0299573B1/en,https://patentimages.storage.googleapis.com/a2/a5/94/4458bef52a7462/imgf0001.png
AU-653438-B2,Motor vehicle driving analytically diagnosing method and device ,Shigeru Kondo,Shigeru Kondo,1991-11-11,1992-10-09,1994-09-29,1994-09-29,https://patents.google.com/patent/AU653438B2/en,
DE-19643179-C2,Device for regulating the driving stability of a vehicle ,Toyota Motor Co Ltd,"Shirou Monzaki, Shoji Inagaki",1995-10-18,1996-10-18,2003-04-03,2003-04-03,https://patents.google.com/patent/DE19643179C2/en,
JP-5263391-B2,Non-contact power receiving apparatus and vehicle equipped with the same ,トヨタ自動車株式会社,真士 市川,2009-05-14,2009-05-14,2013-08-14,2013-08-14,https://patents.google.com/patent/JP5263391B2/en,https://patentimages.storage.googleapis.com/0c/77/5a/22fc5f8c9f31cc/0005263391-2.png
JP-3930110-B2,Vehicle cruise control device ,富士重工業株式会社,"昌裕 木下, 和弘 深町",1997-08-11,1997-08-11,2007-06-13,2007-06-13,https://patents.google.com/patent/JP3930110B2/en,https://patentimages.storage.googleapis.com/39/73/36/d93cf3aeda500f/0003930110-2.png
US-9335163-B2,Trailer length estimation in hitch angle applications ,"Ford Global Technologies, Llc","Erick Michael Lavoie, Christos Kyrtsos",2011-04-19,2014-06-11,2016-05-10,2016-05-10,https://patents.google.com/patent/US9335163B2/en,https://patentimages.storage.googleapis.com/80/c3/b4/7fb1fd1cae6c21/US09335163-20160510-D00000.png
US-9290203-B2,Trailer length estimation in hitch angle applications ,"Ford Global Technologies, Llc","Erick Michael Lavoie, Christos Kyrtsos",2011-04-19,2014-06-11,2016-03-22,2016-03-22,https://patents.google.com/patent/US9290203B2/en,https://patentimages.storage.googleapis.com/96/70/ba/461f72bf223705/US09290203-20160322-D00000.png
US-8035257-B2,Method and apparatus for improved burst mode during power conversion ,"Enphase Energy, Inc.",Martin Fornage,2008-10-10,2010-08-02,2011-10-11,2011-10-11,https://patents.google.com/patent/US8035257B2/en,https://patentimages.storage.googleapis.com/6d/70/b1/e01a7b1c557d5a/US08035257-20111011-D00000.png
US-6031484-A,Release device for passenger restraint systems in a motor vehicle ,Daimlerchrysler Ag,"Wilfried Bullinger, Walter Eberle, Markus Hartlieb, Michael Meyer, Manfred Mueller, Frank Zerrweck",1996-11-19,1997-11-19,2000-02-29,2000-02-29,https://patents.google.com/patent/US6031484A/en,https://patentimages.storage.googleapis.com/bc/94/28/3aaf802c9e9c1e/US6031484-drawings-page-3.png
EP-0820344-B1,"Method for operating and controlling a bank of filtration membrane modules, and bank of modules therefor ",Aquasource,"Jean-Michel Espenan, Franc Saux",1995-04-14,1995-04-14,1999-11-03,1999-11-03,https://patents.google.com/patent/EP0820344B1/en,https://patentimages.storage.googleapis.com/0c/bb/40/5227b6009877f0/00260001.png
EP-0217503-B1,Image processing method and image forming apparatus ,Konica Corporation,"Masakazu Fukuchi, Kiyoshi Akazawa, Masahiko Matsunawa, Hiroshi Niki, Shunji Matsuo, Hiroyuki Yamamoto, Yoshinori Abe",1985-07-27,1986-07-25,1991-10-30,1991-10-30,https://patents.google.com/patent/EP0217503B1/en,https://patentimages.storage.googleapis.com/17/ef/42/857e85e3d705c2/imgf0001.png
EP-0226209-B1,Drying machine ,Kabushiki Kaisha Toshiba,"Tsunehiro C/O Pat. Div. K.K. Toshiba Muramatsu, Katsuharu C/O Pat. Div. K.K. Toshiba Matsuo, Tomio C/O Pat. Div. K.K. Toshiba Hotta",1985-12-16,1986-12-16,1990-11-22,1990-11-22,https://patents.google.com/patent/EP0226209B1/en,https://patentimages.storage.googleapis.com/1e/6f/7a/28ed51846588f8/imgf0001.png
US-4583611-A,Wheel spin prevention system ,Robert Bosch Gmbh,"Rudiger Frank, Herbert Schramm, Werner Kopper, Dieter Worner",1983-08-31,1984-08-28,1986-04-22,1986-04-22,https://patents.google.com/patent/US4583611A/en,https://patentimages.storage.googleapis.com/29/2e/32/409de3fb37f5c0/US4583611-drawings-page-2.png
DE-102006034198-B4,Power steering system and method for controlling the same ,"Toyota Jidosha Kabushiki Kaisha, Toyota-shi",Yoshiaki Toyota Tsuchiya,2005-07-25,2006-07-24,2010-10-21,2010-10-21,https://patents.google.com/patent/DE102006034198B4/en,
EP-0435634-B1,Conductive and blocking layers for electrophotographic imaging members ,Xerox Corporation,"John W. Spiewak, Deborah Nichol-Landry, Huoy-Jen Yuh, Joseph Mammino, Constance J. Thornton, Dennis A. Abramsohn",1989-12-29,1990-12-21,1995-11-02,1995-11-02,https://patents.google.com/patent/EP0435634B1/en,
US-4675502-A,Real time tracking control for taught path robots ,General Electric Company,"Kenneth B. Haefner, Larry M. Sweet, Ming H. Kuo",1985-12-23,1985-12-23,1987-06-23,1987-06-23,https://patents.google.com/patent/US4675502A/en,https://patentimages.storage.googleapis.com/68/d7/fc/f159596b49195a/US4675502-drawings-page-2.png
EP-1373005-B1,A motor vehicle driving aid system ,C.R.F. Società Consortile per Azioni,"Domenico Albero, Pier Claudio Antonello, Sebastiano Campo, Angela Chinu, Renzo Cicilloni, Silvia Citelli, Maurizio Miglietta, Vincenzo Murdocco, Valter Quenda, Andrea Saroldi",2001-03-26,2002-03-25,2007-02-21,2007-02-21,https://patents.google.com/patent/EP1373005B1/en,https://patentimages.storage.googleapis.com/f1/03/9f/6abc288dd8d034/imgf0001.png
US-5230400-A,Vehicle cruise control system ,Aisin Seiki Kabushiki Kaisha,"Toshiaki Kakinami, Mitsuyoshi Saiki, Jun Sato",1990-11-30,1991-12-02,1993-07-27,1993-07-27,https://patents.google.com/patent/US5230400A/en,https://patentimages.storage.googleapis.com/c1/4c/8b/174d8527ae9cbb/US5230400-drawings-page-2.png
CA-1284200-C,Control circuit for a rearview mirror ,"Keith Winston Molyneux, Thomas David Gaffney, Donnelly Mirrors Limited","Keith Winston Molyneux, Thomas David Gaffney",1987-04-08,1988-04-08,1991-05-14,1991-05-14,https://patents.google.com/patent/CA1284200C/en,
US-4245182-A,Excitation control apparatus for a generator ,"Hitachi, Ltd., Hitachi Engineering Co., Ltd.","Hiroaki Aotsu, Akira Isono, Masuo Goto, Koichi Kimura, Yasushi Momochi, Takaaki Kai, Satoshi Kitamura, Akihisa Kaihara, Hirosi Okada",1977-03-30,1978-03-28,1981-01-13,1981-01-13,https://patents.google.com/patent/US4245182A/en,https://patentimages.storage.googleapis.com/a6/f9/1d/ca89492558c083/US4245182-drawings-page-2.png
US-5774820-A,Method and apparatus for limiting the speed of a motor vehicle ,Mercedes-Benz Ag,"Thomas Linden, Jorg Saur, Hermann Gaus",1994-09-23,1995-09-25,1998-06-30,1998-06-30,https://patents.google.com/patent/US5774820A/en,https://patentimages.storage.googleapis.com/12/41/b7/2a431a4dbd10c5/US5774820-drawings-page-2.png
US-5353022-A,Airplane takeoff and landing performance monitoring system ,The United States Of America As Represented By The Administrator Of The National Aeronautics And Space Administration,"David B. Middleton, Raghavachari Srivatsan, Lee H. Person, Jr.",1987-08-06,1993-04-06,1994-10-04,1994-10-04,https://patents.google.com/patent/US5353022A/en,https://patentimages.storage.googleapis.com/39/79/f6/04d28025ca4d6c/US5353022-drawings-page-2.png
US-5182459-A,Control system for vehicle safety device ,Zexel Corporation,"Masami Okano, Kunihiro Takeuchi",1990-02-07,1991-01-18,1993-01-26,1993-01-26,https://patents.google.com/patent/US5182459A/en,https://patentimages.storage.googleapis.com/e1/a7/29/38acd92d5de4f4/US5182459-drawings-page-2.png
CA-2447132-C,Polymeric surfactants derived from cyclic monomers having pendant fluorinated carbon groups ,"Omnova Solutions Inc., Robert E. Medsker, Richard R. Thomas, Charles M. Kausch, Daniel D. Woodland, Raymond J. Weinert, Jane E. Leising, Yongsin Kim, Gary L. Jialanella, James E. Robbins, Brian T. Cartwright","Robert E. Medsker, Richard R. Thomas, Charles M. Kausch, Daniel D. Woodland, Raymond J. Weinert, Jane E. Leising, Yongsin Kim, Gary L. Jialanella, James E. Robbins, Brian T. Cartwright",2001-05-14,2002-05-10,2008-10-07,2008-10-07,https://patents.google.com/patent/CA2447132C/en,
US-4110605-A,Weight and balance computer apparatus for aircraft ,Sperry Rand Corporation,Harry Miller,1977-02-25,1977-02-25,1978-08-29,1978-08-29,https://patents.google.com/patent/US4110605A/en,https://patentimages.storage.googleapis.com/75/e0/f8/3ec841dc20997f/US4110605-drawings-page-2.png
US-3635937-A,Ethylene polymerization ,Shell Oil Co,"Ronald S Bauer, Harold Chung, Peter W Glockner, Wilhelm Keim, Henry Van Zwet",1969-11-05,1969-11-05,1972-01-18,1972-01-18,https://patents.google.com/patent/US3635937A/en,
US-7266220-B2,"Monitoring device, monitoring method and program for monitoring ","Matsushita Electric Industrial Co., Ltd.","Satoshi Sato, Masamichi Nakagawa, Kunio Nobori",2002-05-09,2003-05-01,2007-09-04,2007-09-04,https://patents.google.com/patent/US7266220B2/en,
US-9335162-B2,Trailer length estimation in hitch angle applications ,"Ford Global Technologies, Llc","Christos Kyrtsos, Thomas Edward Pilutti, Alex Maurice Miller, Douglas Scott Rhode",2011-04-19,2014-06-03,2016-05-10,2016-05-10,https://patents.google.com/patent/US9335162B2/en,https://patentimages.storage.googleapis.com/03/93/21/f76b2687271be5/US09335162-20160510-D00000.png
US-5047942-A,Airplane takeoff and landing performance monitoring system ,The United States Of America As Represented By The Administrator Of The National Aeronautics And Space Administration,"David B. Middleton, Raghavachari Srivatsan, Lee H. Person, Jr.",1987-08-06,1988-05-11,1991-09-10,1991-09-10,https://patents.google.com/patent/US5047942A/en,https://patentimages.storage.googleapis.com/0d/b9/f5/a2d4dcf168cfd7/US5047942-drawings-page-2.png
CA-2333619-C,Means for estimating charged state of battery and method for estimating degraded state of battery ,"Toyota Jidosha Kabushiki Kaisha, Nobuo Watanabe, Yukio Kuroda, Yoshiaki Kikuchi","Nobuo Watanabe, Yukio Kuroda, Yoshiaki Kikuchi",1998-05-28,1999-05-25,2003-08-05,2003-08-05,https://patents.google.com/patent/CA2333619C/en,
JP-2546080-B2,The semiconductor laser control device ,富士通株式会社,"伸一 佐藤, 宏明 加藤",1991-05-10,1991-05-10,1996-10-23,1996-10-23,https://patents.google.com/patent/JP2546080B2/en,
EP-0477711-B1,Bill examination device ,"Oki Electric Industry Company, Limited","Ienobu C/O Oki Electric Ind. Co. Ltd. Takizawa, Takashi C/O Oki Electric Ind. Co. Ltd. Yajima, Mitsunori C/O Oki Electric Ind. Co. Ltd. Shigeta",1990-09-27,1991-09-16,1996-01-10,1996-01-10,https://patents.google.com/patent/EP0477711B1/en,https://patentimages.storage.googleapis.com/69/d6/bf/c78ab5052c9dec/imgf0001.png
US-7729859-B2,Driving assistance method and system ,"Nissan Motor Co., Ltd.","Takeshi Kimura, Genpei Naito",2004-06-24,2007-05-07,2010-06-01,2010-06-01,https://patents.google.com/patent/US7729859B2/en,https://patentimages.storage.googleapis.com/96/94/96/87bd39e550377f/US07729859-20100601-D00000.png
US-5600405-A,Bias cleaning system and electrostatic printing apparatus therewith and operating method thereof ,"Hitachi, Ltd.","Takao Umeda, Katsuya Kawai, Yosuke Saito, Hiroyuki Mabuchi, Masayasu Anzai, Masato Miwa, Takashi Suzuki, Teruaki Mitsuya, Yasuo Takuma",1993-06-14,1994-06-09,1997-02-04,1997-02-04,https://patents.google.com/patent/US5600405A/en,https://patentimages.storage.googleapis.com/b7/d5/df/a6324ef8227195/US5600405-drawings-page-2.png
EP-0822396-B1,Method of selecting a coating color ,Toyota Jidosha Kabushiki Kaisha,Atsushi Takagi,1993-08-06,1994-08-04,2000-05-03,2000-05-03,https://patents.google.com/patent/EP0822396B1/en,https://patentimages.storage.googleapis.com/67/4d/f5/c5126be264c695/01160001.png
EP-0059035-B1,Clutch control system ,Automotive Products Public Limited Company,"Harry Mellows Windsor, Andrew John Mallion",1981-02-24,1982-02-05,1987-01-21,1987-01-21,https://patents.google.com/patent/EP0059035B1/en,https://patentimages.storage.googleapis.com/80/0e/97/46178056e70e8f/imgf0001.png
US-4609861-A,Circuit arrangement for rapidly charging a battery ,"Hitachi Koki Company, Limited","Masahiro Inaniwa, Shun Suzuki, Yoichi Ogawa",1984-08-31,1984-11-19,1986-09-02,1986-09-02,https://patents.google.com/patent/US4609861A/en,https://patentimages.storage.googleapis.com/3a/67/9d/15fc6309c3153d/US4609861-drawings-page-2.png
EP-1014039-B1,Magnetic encoder ,Kabushiki Kaisha Yaskawa Denki,"Tsuyoshi Kabushiki Kaisha Yaskawa Denki ASANUMA, Takefumi Kabushiki Kaisha Yaskawa Denki KABASHIMA, Tomohiro Kabushiki Kaisha Yaskawa Denki MATSUO, Kazunari Kabushiki Kaisha Yaskawa Denki MATSUZAKI",1997-09-08,1998-09-08,2004-11-24,2004-11-24,https://patents.google.com/patent/EP1014039B1/en,https://patentimages.storage.googleapis.com/71/0e/01/003597fcf5525d/00260001.png
JP-3470453-B2,Vehicle-to-vehicle distance control device ,株式会社デンソー,"克彦 日比野, 孝昌 白井, 隆雄 西村",1995-04-06,1995-04-06,2003-11-25,2003-11-25,https://patents.google.com/patent/JP3470453B2/en,
US-4398172-A,Vehicle monitor apparatus ,Eaton Corporation,"Robert J. Carroll, Roger A. Keller, E. James Lane, Freddie G. Williams",1981-06-08,1981-06-08,1983-08-09,1983-08-09,https://patents.google.com/patent/US4398172A/en,https://patentimages.storage.googleapis.com/d1/de/ec/6524bc06b05825/US4398172-drawings-page-2.png
EP-0618721-B1,Video recorder ,Philips Electronics N.V.,"Klaas Herman Jan Robers, Walter Weissensteiner",1993-04-01,1994-03-29,1998-08-05,1998-08-05,https://patents.google.com/patent/EP0618721B1/en,https://patentimages.storage.googleapis.com/14/44/f3/2cc374328b8988/00260001.png
US-4811808-A,Acceleration slip control device for a wheeled vehicle ,Toyota Jidosha Kabushiki Kaisha,"Shinichi Matsumoto, Kiyotaka Ise, Hiroharu Miyazaki",1986-10-27,1987-10-16,1989-03-14,1989-03-14,https://patents.google.com/patent/US4811808A/en,https://patentimages.storage.googleapis.com/0d/7e/c0/be50dd3a08fe2c/US4811808-drawings-page-2.png
EP-0063180-B1,Beta-diketone and hydrotalcite stabilizer compositions for halogen-containing polymers and polymer compositions containing the same ,"ADEKA ARGUS CHEMICAL CO., Ltd.","Toshihiro Aoki, Yoshio Iida",1980-11-07,1981-11-09,1987-04-08,1987-04-08,https://patents.google.com/patent/EP0063180B1/en,
JP-4699426-B2,Obstacle avoidance method and obstacle avoidance moving device ,パナソニック株式会社,"肇 川野, 孝周 後藤",2006-08-08,2007-06-28,2011-06-08,2011-06-08,https://patents.google.com/patent/JP4699426B2/en,https://patentimages.storage.googleapis.com/fb/ae/bc/29bd896e7f4227/0004699426-8.png
US-3949856-A,System to detect abnormal paper feed in printers ,Siemens Aktiengesellschaft,"Armin Ulber, Gerhard Muller",1972-11-29,1973-11-16,1976-04-13,1976-04-13,https://patents.google.com/patent/US3949856A/en,https://patentimages.storage.googleapis.com/25/f8/17/7b76ca1151a52f/US3949856-drawings-page-2.png
DE-19642054-C2,Vehicle stability control device that is compatible with the foot brake ,Toyota Motor Co Ltd,"Shirou Monzaki, Mizuho Sugiyama",1995-10-11,1996-10-11,2003-04-10,2003-04-10,https://patents.google.com/patent/DE19642054C2/en,
JP-2963478-B2,Forming method and apparatus of a three-dimensional object ,スリーディー、システムズ、インコーポレーテッド,"ティー． スペンス，スチュアート, ローレット スモーリー，デニス, ウイリアム ハル，チャールズ, ビー． ビンソン，ウェイン, エス． フレッド，ウェイン, ダブリュ． ルイス，チャールズ",1988-04-18,1989-04-17,1999-10-18,1999-10-18,https://patents.google.com/patent/JP2963478B2/en,
JP-3574670-B2,Transmission control unit ,シーメンス  アクチエンゲゼルシヤフトＳｉｅｍｅｎｓ  Ａｋｔｉｅｎｇｅｓｅｌｌｓｃｈａｆｔ,"プロープスト グレゴール, ヴァイル ハンス−ゲオルク, グラーフ フリードリッヒ",1992-06-30,1993-06-29,2004-10-06,2004-10-06,https://patents.google.com/patent/JP3574670B2/en,https://patentimages.storage.googleapis.com/b3/3e/af/5112e2d847f8bd/0003574670-2.png
JP-5418583-B2,Vehicle and vehicle parking assist device ,トヨタ自動車株式会社,"達 中村, 真士 市川",2010-03-10,2011-12-21,2014-02-19,2014-02-19,https://patents.google.com/patent/JP5418583B2/en,https://patentimages.storage.googleapis.com/fc/76/d2/ccebb29fdc381d/0005418583-2.png
US-6223117-B1,Cut-in management for an adaptive cruise control system ,General Motors Corporation,"Pamela Irene Labuhn, William Joseph Chundrlik, Jr., Scott Anthony Rush",1997-05-27,1997-05-27,2001-04-24,2001-04-24,https://patents.google.com/patent/US6223117B1/en,https://patentimages.storage.googleapis.com/1c/d3/5b/a048453bda2c72/US6223117-drawings-page-2.png
CA-1302538-C,Spread spectrum power line communications with gold's code ,"Kaoru Endo, Nec Home Electronics Ltd., Nec Corporation",Kaoru Endo,1985-07-24,1990-02-09,1992-06-02,1992-06-02,https://patents.google.com/patent/CA1302538C/en,
US-6524217-B1,Apparatus for controlling vehicle drive units ,Toyota Jidosha Kabushiki Kaisha,"Akira Murakami, Masanori Ohtake, Hiroatsu Endo, Yuji Iwase, Mitsuhiro Umeyama",1999-10-08,2000-10-04,2003-02-25,2003-02-25,https://patents.google.com/patent/US6524217B1/en,https://patentimages.storage.googleapis.com/06/ad/2e/11d576d3209306/US06524217-20030225-D00000.png
US-5331995-A,Flow control system for medical ventilator ,"Bear Medical Systems, Inc.","Thomas P. Westfall, Alberto Ruiz-Vela, Anthony J. Caterina, Clyde R. Visser",1992-07-17,1992-07-17,1994-07-26,1994-07-26,https://patents.google.com/patent/US5331995A/en,https://patentimages.storage.googleapis.com/9f/68/17/f87df2f01a0a79/US5331995-drawings-page-2.png
US-5754099-A,Obstacle warning system for a vehicle ,"Nippondenso Co., Ltd.","Takao Nishimura, Katsuhiko Hibino, Noriaki Shirai",1994-03-25,1995-03-24,1998-05-19,1998-05-19,https://patents.google.com/patent/US5754099A/en,https://patentimages.storage.googleapis.com/75/05/18/8f84fa1714a417/US5754099-drawings-page-2.png
EP-1534436-B1,Apparatus and method for separating particles ,University of Florida,"Spyros A. Svoronos, H. Steven Crouch, Hassan El-Sayed El-Shall, Kevin W. Powers, Gary Wayne Scheiffele, Rachel Anna Westhollow Technology Center WORTHEN, Steven Robin Wright",2002-06-03,2003-03-28,2008-05-14,2008-05-14,https://patents.google.com/patent/EP1534436B1/en,https://patentimages.storage.googleapis.com/8d/eb/99/b271d759978da7/imgf0001.png
CA-1293791-C,Radar system for headway control of a vehicle ,"John W. Davis, Ivhs Technologies Incorporated",John W. Davis,1985-07-24,1990-05-28,1991-12-31,1991-12-31,https://patents.google.com/patent/CA1293791C/en,
CA-1052889-A,Apparatus for controlling the air-fuel mixture ratio of internal combustion engine ,"Masaharu Asano, Nissan Motor Co., Ltd.",Masaharu Asano,1974-10-21,1975-10-20,1979-04-17,1979-04-17,https://patents.google.com/patent/CA1052889A/en,
JP-4578686-B2,3D camera ,マイクロソフト  インターナショナル  ホールディングス  ビイ．ヴイ．,"イッダン・ガブリエル・ジェイ, ブラウン・オリ・ジェイ, ヤハブ・ギオラ",1998-12-16,1998-12-16,2010-11-10,2010-11-10,https://patents.google.com/patent/JP4578686B2/en,https://patentimages.storage.googleapis.com/11/6d/52/db766e62eebd5b/0004578686-2.png
US-7680588-B2,Traffic information management system ,Denso Corporation,Akira Tsukamoto,2006-03-27,2007-03-01,2010-03-16,2010-03-16,https://patents.google.com/patent/US7680588B2/en,https://patentimages.storage.googleapis.com/US7680588B2/US07680588-20100316-D00000.png
US-5521594-A,Road surface condition detector for automotive vehicle ,Mitsubishi Denki Kabushiki Kaisha,Yukio Fukushima,1993-02-25,1994-02-24,1996-05-28,1996-05-28,https://patents.google.com/patent/US5521594A/en,https://patentimages.storage.googleapis.com/47/88/f3/3bd41010c46d2d/US5521594-drawings-page-2.png
US-8072584-B2,Optical air data systems and methods ,Ophir Corporation,"Loren M. Caldwell, Shoou-Yu Tang, Phillip E. Acott, Lisa G. Spaeth, Martin O'Brien",2002-08-02,2008-06-12,2011-12-06,2011-12-06,https://patents.google.com/patent/US8072584B2/en,https://patentimages.storage.googleapis.com/24/03/68/a7af5a9e64db0f/US08072584-20111206-D00000.png
EP-0356010-B1,Ethylene alpha-olefin polymer substituted mannich base lubricant dispersant additives ,Exxon Chemical Patents Inc.,"Antonio Gutierrez, Won Ryul Song, Robert Dean Lundberg, Robert Arthur Kleist",1988-08-01,1989-07-25,1992-09-30,1992-09-30,https://patents.google.com/patent/EP0356010B1/en,
JP-3189560-B2,Vehicle distance detecting device and the distance warning device ,株式会社デンソー,"克彦 日比野, 孝昌 白井, 隆雄 西村",1994-03-25,1994-03-25,2001-07-16,2001-07-16,https://patents.google.com/patent/JP3189560B2/en,
CA-1131930-A,Electrostatic accelerometer ,"Societe D'applications Generales D'electricite Et De Mecanique S A G E M, Alain Deval",Alain Deval,1979-04-11,1980-04-11,1982-09-21,1982-09-21,https://patents.google.com/patent/CA1131930A/en,
US-5783928-A,Storage capacitor power supply ,Jeol Ltd.,Michio Okamura,1992-04-03,1993-04-02,1998-07-21,1998-07-21,https://patents.google.com/patent/US5783928A/en,https://patentimages.storage.googleapis.com/0a/0d/e9/cd95f0b6a15f95/US5783928-drawings-page-2.png
DE-19514654-B4,Collision alarm system for a motor vehicle ,"Denso Corporation, Kariya","Katsuhiko Toyoake-shi Hibino, Takao Nishimura, Noriaki Oobu-shi Shirai",1994-04-20,1995-04-20,2009-07-09,2009-07-09,https://patents.google.com/patent/DE19514654B4/en,
US-6035171-A,Developing apparatus having means for removing electric charge of toner ,Sharp Kabushiki Kaisha,"Toshihiko Takaya, Nobuyuki Azuma, Masanori Yamada, Atsushi Inoue, Keiji Yasuda, Takayuki Yamanaka, Tadashi Iwamatsu, Kazuhiro Matsuyama, Hiroshi Tatsumi, Katsumi Adachi, Yukihito Nishio",1998-02-04,1999-02-04,2000-03-07,2000-03-07,https://patents.google.com/patent/US6035171A/en,https://patentimages.storage.googleapis.com/e5/2e/b1/47ba96a1a852b1/US6035171-drawings-page-13.png
US-4313671-A,Method and apparatus for controlling image density in an electrophotographic copying machine ,"Konishiroku Photo Industry Co., Ltd.",Hiroshi Kuru,1978-04-14,1979-04-09,1982-02-02,1982-02-02,https://patents.google.com/patent/US4313671A/en,https://patentimages.storage.googleapis.com/db/53/b3/ea106e50392e44/US4313671-drawings-page-2.png
EP-1014318-B1,"Ticket issuing method, ticket issuing system and ticket collating method ",Kabushiki Kaisha Toshiba,Takashi Int. Property Division Yamaguchi,1998-12-18,1999-12-17,2004-05-19,2004-05-19,https://patents.google.com/patent/EP1014318B1/en,https://patentimages.storage.googleapis.com/d3/de/31/a6829869cb4872/00440001.png
US-4156280-A,Utility monitor for detecting and storing power line disturbances ,International Business Machines Corporation,Roy K. Griess,1976-12-17,1976-12-17,1979-05-22,1979-05-22,https://patents.google.com/patent/US4156280A/en,https://patentimages.storage.googleapis.com/4d/f3/9b/37c0c6ff706b7a/US4156280-drawings-page-2.png
US-5964089-A,Diagnostics and control of an on board hydrogen generation and delivery system ,"Lynntech, Inc","Oliver J. Murphy, Craig C. Andrews",1997-06-27,1997-06-27,1999-10-12,1999-10-12,https://patents.google.com/patent/US5964089A/en,https://patentimages.storage.googleapis.com/28/72/4e/02aba5dec3f778/US5964089-drawings-page-2.png
US-5485246-A,Control device for collectively supervising a plurality of image forming apparatuses ,"Ricoh Company, Ltd.","Masayuki Hayashi, Yoshihiro Mitekura, Koichi Kanaya, Masato Terao, Toshiya Tagawa, Nobuaki Tomidokoro, Masahiro Kitayama, Osamu Kizaki, Yasuo Kawada, Kazuyuki Nakahara, Tomofumi Harada, Yasunari Hashimoto",1992-05-28,1994-11-22,1996-01-16,1996-01-16,https://patents.google.com/patent/US5485246A/en,https://patentimages.storage.googleapis.com/de/73/74/ec248ebb0b9dd6/US5485246-drawings-page-2.png
US-6169678-B1,Photovoltaic power generation apparatus and control method thereof ,Canon Kabushiki Kaisha,"Hiroshi Kondo, Naoki Manabe, Nobuyoshi Takehara",1999-01-28,2000-01-27,2001-01-02,2001-01-02,https://patents.google.com/patent/US6169678B1/en,https://patentimages.storage.googleapis.com/01/10/2c/2a990f2a61f164/US06169678-20010102-D00000.png
US-4914598-A,Integrated redundant reference system for the flight control and for generating heading and attitude informations ,Bodenseewek Geratetechnik Gmbh,"Uwe Krogmann, Jurgen Bessel",1986-10-07,1987-10-06,1990-04-03,1990-04-03,https://patents.google.com/patent/US4914598A/en,https://patentimages.storage.googleapis.com/ad/66/e6/bd85f7ad066828/US4914598-drawings-page-2.png
JP-3882797-B2,Vehicle drive operation assistance device and vehicle having vehicle drive operation assistance device ,日産自動車株式会社,"智弘 山村, 崇之 近藤",2003-08-08,2003-08-08,2007-02-21,2007-02-21,https://patents.google.com/patent/JP3882797B2/en,https://patentimages.storage.googleapis.com/0e/b1/6d/1c7408c101e638/0003882797-2.png
US-4485673-A,Two-wire level measuring instrument ,Drexelbrook Engineering Company,David M. Stern,1981-05-13,1981-05-13,1984-12-04,1984-12-04,https://patents.google.com/patent/US4485673A/en,https://patentimages.storage.googleapis.com/ee/b0/d3/d88beda8ac8a5a/US4485673-drawings-page-2.png
EP-0180095-B1,Wheel slip controlling system for a vehicle ,Toyota Jidosha Kabushiki Kaisha,"Kaoru Ohashi, Ikuya Kobayashi, Takahiro Nogami, Akira Shirai, Kazumasa Nakamura, Yoshihisa Nomura",1984-10-30,1985-10-16,1992-12-23,1992-12-23,https://patents.google.com/patent/EP0180095B1/en,https://patentimages.storage.googleapis.com/21/b4/3e/92ebff306500f7/imgf0001.png
US-4901143-A,Electronic endoscope system provided with a means of imaging frozen pictures having few picture image smears ,"Olympus Optical Co., Ltd.","Masao Uehara, Masahide Kanno, Katsuyuki Saito, Akinobu Uchikubo, Katsuyoshi Sasagawa, Shinji Yamashita, Akira Kusumoto, Kazunari Nakamura, Shinichiro Hattori, Keiichi Hiyama, Jun Hasegawa, Masahiko Sasaki, Takehiro Nakagawa",1988-02-16,1989-02-16,1990-02-13,1990-02-13,https://patents.google.com/patent/US4901143A/en,https://patentimages.storage.googleapis.com/pages/US4901143-1.png
US-5966310-A,Personal design system and personal equipment production system for actually producing equipment having designed appearance ,"Sanyo Electric Co., Ltd.","Tsuyoshi Maeda, Seiichi Nishimura, Hirotsugu Furutate, Kazuyoshi Tsukamoto, Takafumi Nakayama, Munenori Kishi, Yasuo Okuda, Fumio Yasutomi",1996-02-13,1997-02-11,1999-10-12,1999-10-12,https://patents.google.com/patent/US5966310A/en,https://patentimages.storage.googleapis.com/91/e5/11/db9b504fd40f21/US5966310-drawings-page-2.png
CN-100386223-C,Drawing device ,松下电器产业株式会社,"吉田崇, 石田明, 饭阪笃",2000-05-24,2001-05-24,2008-05-07,2008-05-07,https://patents.google.com/patent/CN100386223C/en,
US-6496771-B2,Vehicle operation control method and apparatus that controls deceleration of a vehicle ,Toyota Jidosha Kabushiki Kaisha,"Akira Hattori, Nobuyuki Furui, Hironori Miyakoshi",2000-08-29,2001-08-13,2002-12-17,2002-12-17,https://patents.google.com/patent/US6496771B2/en,https://patentimages.storage.googleapis.com/22/8f/70/f493b2ef8559b3/US06496771-20021217-D00000.png
US-5633642-A,Radar method and device for carrying out the method ,Siemens Aktiengesellschaft,"Alfred Hoss, Wolfgang Schindler",1993-11-23,1996-05-22,1997-05-27,1997-05-27,https://patents.google.com/patent/US5633642A/en,https://patentimages.storage.googleapis.com/67/ec/ee/71b1c7ac0afc17/US5633642-drawings-page-2.png
JP-4316477-B2,Tracking method of mobile robot ,パナソニック株式会社,球夫 岡本,2004-11-18,2004-11-18,2009-08-19,2009-08-19,https://patents.google.com/patent/JP4316477B2/en,https://patentimages.storage.googleapis.com/1a/ee/a5/6ba8889c7ddc73/0004316477-2.png
EP-2336716-B1,Method and apparatus for alerting surface vessels to hazardous conditions ,FLIR Systems Trading Belgium BVBA,"Dave Michaelson, Jeanne Suchodolski, Ratan Khatwa",1999-10-05,2000-06-27,2016-01-06,2016-01-06,https://patents.google.com/patent/EP2336716B1/en,https://patentimages.storage.googleapis.com/47/ec/2c/46b757c95490d4/imgf0001.png
US-7110869-B2,"Hybrid transmission member speed determination, sensor diagnostics and fault recovery ",General Motors Corporation,"Xuefeng T. Tao, Tung-Ming Hsieh, Jy-Jen F. Sah",2003-10-14,2003-10-14,2006-09-19,2006-09-19,https://patents.google.com/patent/US7110869B2/en,https://patentimages.storage.googleapis.com/US7110869B2/US07110869-20060919-D00000.png
US-4977886-A,Position controlling apparatus ,"Olympus Optical Co., Ltd.","Sakae Takehana, Koji Fujio, Yasuhiro Ueda",1989-02-08,1989-10-27,1990-12-18,1990-12-18,https://patents.google.com/patent/US4977886A/en,https://patentimages.storage.googleapis.com/fd/ec/53/633ed8f1055392/US4977886-drawings-page-2.png
US-7725228-B2,Method and system for assisting a driver of a vehicle operating a vehicle traveling on a road ,"Nissan Motor Co., Ltd.","Yosuke Kobayashi, Genpei Naito, Takeshi Kimura",2004-03-03,2005-03-02,2010-05-25,2010-05-25,https://patents.google.com/patent/US7725228B2/en,https://patentimages.storage.googleapis.com/US7725228B2/US07725228-20100525-D00000.png
EP-0028977-B1,Device for the automatic control of the switching-on and turning-off of vehicle lights ,"François Massoni, Filippe Canarelli, Françoise Fellrath","François Massoni, Filippe Canarelli, Françoise Fellrath",1979-11-07,1980-11-05,1983-09-14,1983-09-14,https://patents.google.com/patent/EP0028977B1/en,https://patentimages.storage.googleapis.com/fa/3f/85/28cdf1999f0602/imgf0001.png
US-5657828-A,Motor-driven cart ,Shinko Denki Kabushiki Kaisha,Sakae Nagamachi,1994-07-29,1995-07-27,1997-08-19,1997-08-19,https://patents.google.com/patent/US5657828A/en,https://patentimages.storage.googleapis.com/7f/f3/39/090025edc22c5f/US5657828-drawings-page-2.png
US-7154385-B2,Vehicle-trailer backing up system using active front steer ,General Motors Corporation,"Yong H. Lee, Weiwen Deng, Yuen-Kwok Chin, William C. Lin",2004-11-12,2004-11-12,2006-12-26,2006-12-26,https://patents.google.com/patent/US7154385B2/en,
US-6888447-B2,Obstacle detection device for vehicle and method thereof ,Toyota Jidosha Kabushiki Kaisha,"Yoshihito Hori, Masakatsu Nonaka",2002-02-26,2003-02-12,2005-05-03,2005-05-03,https://patents.google.com/patent/US6888447B2/en,https://patentimages.storage.googleapis.com/db/df/35/673752e63003bc/US06888447-20050503-D00000.png
US-4459519-A,Electronically commutated motor systems and control therefor ,General Electric Company,David M. Erdman,1974-06-24,1980-09-25,1984-07-10,1984-07-10,https://patents.google.com/patent/US4459519A/en,https://patentimages.storage.googleapis.com/3a/fe/a7/04f0adf43be9b2/US4459519-drawings-page-3.png
TW-I460983-B,A system and method for performing constant flow control using primary side sensing and adjustment ,Guangzhou On Bright Electronics Co Ltd,,2011-05-05,2011-06-15,2014-11-11,2014-11-11,https://patents.google.com/patent/TWI460983B/en,
US-8509975-B2,"Vehicle, method of estimating state of charge of secondary battery, and method of controlling vehicle ",Toyota Jidosha Kabushiki Kaisha,Junta Izumi,2008-02-19,2008-10-17,2013-08-13,2013-08-13,https://patents.google.com/patent/US8509975B2/en,https://patentimages.storage.googleapis.com/9f/0f/16/e2a8c5c10e544f/US08509975-20130813-D00000.png
